dataset,method,fold,accuracy,nodes,fit_seconds,timeouts,failures
dresses_sales,GOSDT (reg path),1,0.58,1.0,91.06357669830322,1,0
dresses_sales,GOSDT (reg path),2,0.58,1.0,30.48525905609131,0,0
dresses_sales,GOSDT (reg path),2,0.6,5.0,30.48525905609131,0,0
dresses_sales,GOSDT (reg path),3,0.58,1.0,37.903555393218994,0,0
dresses_sales,GOSDT (reg path),3,0.64,5.0,37.903555393218994,0,0
dresses_sales,GOSDT (reg path),3,0.66,31.0,37.903555393218994,0,0
dresses_sales,GOSDT (reg path),4,0.58,1.0,1.3987908363342283,0,0
dresses_sales,GOSDT (reg path),5,0.58,1.0,7.964084148406982,0,0
dresses_sales,GOSDT (reg path),5,0.6,5.0,7.964084148406982,0,0
dresses_sales,GOSDT (reg path),6,0.58,1.0,5.177977800369263,0,0
dresses_sales,GOSDT (reg path),7,0.58,1.0,0.6067221164703369,0,0
dresses_sales,GOSDT (reg path),8,0.58,1.0,0.5606811046600342,0,0
dresses_sales,GOSDT (reg path),8,0.66,5.0,0.5606811046600342,0,0
dresses_sales,GOSDT (reg path),9,0.58,1.0,0.6306347846984863,0,0
dresses_sales,GOSDT (reg path),9,0.6,3.0,0.6306347846984863,0,0
dresses_sales,GOSDT (reg path),10,0.58,1.0,0.6142265796661377,0,0
dresses_sales,GOSDT (reg path),10,0.64,5.0,0.6142265796661377,0,0
kc2,GOSDT (reg path),1,0.7924528301886793,1.0,0.4419350624084472,0,0
kc2,GOSDT (reg path),1,0.8113207547169812,3.0,0.4419350624084472,0,0
kc2,GOSDT (reg path),1,0.8301886792452831,7.0,0.4419350624084472,0,0
kc2,GOSDT (reg path),1,0.8490566037735849,9.0,0.4419350624084472,0,0
kc2,GOSDT (reg path),2,0.7924528301886793,1.0,0.7765300273895264,0,0
kc2,GOSDT (reg path),2,0.8867924528301887,3.0,0.7765300273895264,0,0
kc2,GOSDT (reg path),3,0.8076923076923077,1.0,0.3961696624755859,0,0
kc2,GOSDT (reg path),3,0.903846153846154,3.0,0.3961696624755859,0,0
kc2,GOSDT (reg path),3,0.9230769230769232,9.0,0.3961696624755859,0,0
kc2,GOSDT (reg path),4,0.8076923076923077,1.0,0.8083782196044922,0,0
kc2,GOSDT (reg path),4,0.8461538461538461,3.0,0.8083782196044922,0,0
kc2,GOSDT (reg path),4,0.8653846153846154,9.0,0.8083782196044922,0,0
kc2,GOSDT (reg path),5,0.8076923076923077,1.0,0.7170100212097168,0,0
kc2,GOSDT (reg path),6,0.7884615384615384,1.0,0.6612002849578857,0,0
kc2,GOSDT (reg path),6,0.8461538461538461,3.0,0.6612002849578857,0,0
kc2,GOSDT (reg path),6,0.8653846153846154,11.0,0.6612002849578857,0,0
kc2,GOSDT (reg path),7,0.7884615384615384,1.0,1.0186786651611328,0,0
kc2,GOSDT (reg path),7,0.8653846153846154,3.0,1.0186786651611328,0,0
kc2,GOSDT (reg path),8,0.7884615384615384,1.0,0.7977702617645264,0,0
kc2,GOSDT (reg path),8,0.8269230769230769,3.0,0.7977702617645264,0,0
kc2,GOSDT (reg path),9,0.7884615384615384,1.0,0.6535542011260986,0,0
kc2,GOSDT (reg path),9,0.8269230769230769,3.0,0.6535542011260986,0,0
kc2,GOSDT (reg path),10,0.7884615384615384,1.0,0.4443774223327636,0,0
kc2,GOSDT (reg path),10,0.8653846153846154,3.0,0.4443774223327636,0,0
climate_crashes,GOSDT (reg path),1,0.925925925925926,1.0,2.27063536643982,0,0
climate_crashes,GOSDT (reg path),1,0.9444444444444444,9.0,2.27063536643982,0,0
climate_crashes,GOSDT (reg path),2,0.925925925925926,1.0,7.69764256477356,0,0
climate_crashes,GOSDT (reg path),2,0.9629629629629628,7.0,7.69764256477356,0,0
climate_crashes,GOSDT (reg path),3,0.925925925925926,1.0,1.0189852714538574,0,0
climate_crashes,GOSDT (reg path),3,0.9444444444444444,15.0,1.0189852714538574,0,0
climate_crashes,GOSDT (reg path),4,0.925925925925926,1.0,0.8386785984039307,0,0
climate_crashes,GOSDT (reg path),5,0.9074074074074074,1.0,0.9158000946044922,0,0
climate_crashes,GOSDT (reg path),5,0.9444444444444444,9.0,0.9158000946044922,0,0
climate_crashes,GOSDT (reg path),6,0.9074074074074074,1.0,1.0705747604370115,0,0
climate_crashes,GOSDT (reg path),6,0.925925925925926,5.0,1.0705747604370115,0,0
climate_crashes,GOSDT (reg path),7,0.9074074074074074,1.0,0.8200924396514893,0,0
climate_crashes,GOSDT (reg path),7,0.925925925925926,11.0,0.8200924396514893,0,0
climate_crashes,GOSDT (reg path),8,0.9074074074074074,1.0,0.739689826965332,0,0
climate_crashes,GOSDT (reg path),8,0.9444444444444444,9.0,0.739689826965332,0,0
climate_crashes,GOSDT (reg path),9,0.9074074074074074,1.0,0.6872091293334961,0,0
climate_crashes,GOSDT (reg path),9,0.925925925925926,5.0,0.6872091293334961,0,0
climate_crashes,GOSDT (reg path),9,0.9444444444444444,11.0,0.6872091293334961,0,0
climate_crashes,GOSDT (reg path),9,0.9629629629629628,15.0,0.6872091293334961,0,0
climate_crashes,GOSDT (reg path),10,0.9074074074074074,1.0,0.6141448020935059,0,0
climate_crashes,GOSDT (reg path),10,0.9629629629629628,9.0,0.6141448020935059,0,0
wdbc,GOSDT (reg path),1,0.8771929824561403,3.0,38.323378562927246,0,0
wdbc,GOSDT (reg path),1,0.9298245614035088,5.0,38.323378562927246,0,0
wdbc,GOSDT (reg path),1,0.9649122807017544,9.0,38.323378562927246,0,0
wdbc,GOSDT (reg path),2,0.912280701754386,3.0,77.20397591590881,2,0
wdbc,GOSDT (reg path),2,0.9298245614035088,5.0,77.20397591590881,2,0
wdbc,GOSDT (reg path),2,0.9473684210526316,7.0,77.20397591590881,2,0
wdbc,GOSDT (reg path),3,0.9298245614035088,3.0,78.83177590370178,2,0
wdbc,GOSDT (reg path),3,0.9473684210526316,11.0,78.83177590370178,2,0
wdbc,GOSDT (reg path),3,0.9824561403508772,13.0,78.83177590370178,2,0
wdbc,GOSDT (reg path),4,0.9473684210526316,3.0,75.71343231201172,2,0
wdbc,GOSDT (reg path),4,0.9649122807017544,5.0,75.71343231201172,2,0
wdbc,GOSDT (reg path),4,1.0,9.0,75.71343231201172,2,0
wdbc,GOSDT (reg path),5,0.8947368421052632,3.0,4.481576204299927,0,0
wdbc,GOSDT (reg path),5,0.9649122807017544,5.0,4.481576204299927,0,0
wdbc,GOSDT (reg path),5,0.9824561403508772,9.0,4.481576204299927,0,0
wdbc,GOSDT (reg path),6,0.8947368421052632,3.0,53.34839987754822,1,0
wdbc,GOSDT (reg path),6,0.9298245614035088,5.0,53.34839987754822,1,0
wdbc,GOSDT (reg path),6,0.9473684210526316,9.0,53.34839987754822,1,0
wdbc,GOSDT (reg path),7,0.912280701754386,3.0,2.461779832839966,0,0
wdbc,GOSDT (reg path),7,0.9473684210526316,15.0,2.461779832839966,0,0
wdbc,GOSDT (reg path),8,0.912280701754386,3.0,11.893096685409546,0,0
wdbc,GOSDT (reg path),8,0.9473684210526316,5.0,11.893096685409546,0,0
wdbc,GOSDT (reg path),8,0.9649122807017544,9.0,11.893096685409546,0,0
wdbc,GOSDT (reg path),9,0.8596491228070176,3.0,8.767015218734741,0,0
wdbc,GOSDT (reg path),9,0.8947368421052632,5.0,8.767015218734741,0,0
wdbc,GOSDT (reg path),9,0.912280701754386,13.0,8.767015218734741,0,0
wdbc,GOSDT (reg path),10,0.8571428571428571,3.0,51.0825777053833,1,0
wdbc,GOSDT (reg path),10,0.8928571428571429,5.0,51.0825777053833,1,0
wdbc,GOSDT (reg path),10,0.9285714285714286,9.0,51.0825777053833,1,0
wdbc,GOSDT (reg path),10,0.9642857142857144,11.0,51.0825777053833,1,0
ilpd,GOSDT (reg path),1,0.711864406779661,1.0,17.307185173034668,0,0
ilpd,GOSDT (reg path),2,0.711864406779661,1.0,3.0004940032958984,0,0
ilpd,GOSDT (reg path),3,0.711864406779661,1.0,147.3120813369751,4,0
ilpd,GOSDT (reg path),4,0.7241379310344828,1.0,2.066866159439087,0,0
ilpd,GOSDT (reg path),4,0.7413793103448276,19.0,2.066866159439087,0,0
ilpd,GOSDT (reg path),5,0.7241379310344828,1.0,0.7246932983398438,0,0
ilpd,GOSDT (reg path),5,0.7413793103448276,5.0,0.7246932983398438,0,0
ilpd,GOSDT (reg path),5,0.7586206896551724,9.0,0.7246932983398438,0,0
ilpd,GOSDT (reg path),6,0.7241379310344828,1.0,6.756176233291626,0,0
ilpd,GOSDT (reg path),7,0.7068965517241379,1.0,34.469515800476074,0,0
ilpd,GOSDT (reg path),8,0.7068965517241379,1.0,37.38661551475525,0,0
ilpd,GOSDT (reg path),9,0.7068965517241379,1.0,1.718820571899414,0,0
ilpd,GOSDT (reg path),10,0.7068965517241379,1.0,1.1677868366241455,0,0
balance_scale,GOSDT (reg path),1,0.6984126984126984,3.0,0.7216179370880127,0,0
balance_scale,GOSDT (reg path),1,0.746031746031746,7.0,0.7216179370880127,0,0
balance_scale,GOSDT (reg path),1,0.7777777777777778,9.0,0.7216179370880127,0,0
balance_scale,GOSDT (reg path),2,0.5079365079365079,3.0,0.8936407566070557,0,0
balance_scale,GOSDT (reg path),2,0.6984126984126984,7.0,0.8936407566070557,0,0
balance_scale,GOSDT (reg path),3,0.5873015873015873,3.0,1.3056282997131348,0,0
balance_scale,GOSDT (reg path),3,0.6825396825396826,7.0,1.3056282997131348,0,0
balance_scale,GOSDT (reg path),3,0.8253968253968254,15.0,1.3056282997131348,0,0
balance_scale,GOSDT (reg path),4,0.6190476190476191,3.0,1.1367599964141846,0,0
balance_scale,GOSDT (reg path),4,0.7619047619047619,7.0,1.1367599964141846,0,0
balance_scale,GOSDT (reg path),4,0.8095238095238095,11.0,1.1367599964141846,0,0
balance_scale,GOSDT (reg path),5,0.6031746031746031,3.0,0.7835230827331543,0,0
balance_scale,GOSDT (reg path),5,0.6349206349206349,7.0,0.7835230827331543,0,0
balance_scale,GOSDT (reg path),5,0.6507936507936508,11.0,0.7835230827331543,0,0
balance_scale,GOSDT (reg path),6,0.6612903225806451,3.0,0.772911548614502,0,0
balance_scale,GOSDT (reg path),6,0.7096774193548387,5.0,0.772911548614502,0,0
balance_scale,GOSDT (reg path),6,0.7419354838709677,15.0,0.772911548614502,0,0
balance_scale,GOSDT (reg path),7,0.6612903225806451,3.0,0.9750685691833496,0,0
balance_scale,GOSDT (reg path),7,0.6935483870967742,9.0,0.9750685691833496,0,0
balance_scale,GOSDT (reg path),7,0.7096774193548387,13.0,0.9750685691833496,0,0
balance_scale,GOSDT (reg path),8,0.6290322580645161,3.0,0.91119384765625,0,0
balance_scale,GOSDT (reg path),8,0.6935483870967742,5.0,0.91119384765625,0,0
balance_scale,GOSDT (reg path),8,0.7096774193548387,13.0,0.91119384765625,0,0
balance_scale,GOSDT (reg path),8,0.7258064516129032,19.0,0.91119384765625,0,0
balance_scale,GOSDT (reg path),9,0.5967741935483871,3.0,0.5823330879211426,0,0
balance_scale,GOSDT (reg path),9,0.6612903225806451,7.0,0.5823330879211426,0,0
balance_scale,GOSDT (reg path),9,0.6935483870967742,11.0,0.5823330879211426,0,0
balance_scale,GOSDT (reg path),10,0.5806451612903226,3.0,0.8338267803192139,0,0
balance_scale,GOSDT (reg path),10,0.6612903225806451,5.0,0.8338267803192139,0,0
balance_scale,GOSDT (reg path),10,0.7741935483870968,9.0,0.8338267803192139,0,0
credit_approval,GOSDT (reg path),1,0.782608695652174,3.0,0.8408234119415283,0,0
credit_approval,GOSDT (reg path),2,0.8695652173913043,3.0,0.8011705875396729,0,0
credit_approval,GOSDT (reg path),3,0.8985507246376812,3.0,1.1450750827789309,0,0
credit_approval,GOSDT (reg path),4,0.8695652173913043,3.0,1.015383243560791,0,0
credit_approval,GOSDT (reg path),5,0.927536231884058,3.0,0.9513487815856934,0,0
credit_approval,GOSDT (reg path),6,0.8405797101449275,3.0,0.9439964294433594,0,0
credit_approval,GOSDT (reg path),7,0.8695652173913043,3.0,1.0941448211669922,0,0
credit_approval,GOSDT (reg path),8,0.855072463768116,3.0,0.6049497127532959,0,0
credit_approval,GOSDT (reg path),9,0.8260869565217391,3.0,0.9437496662139891,0,0
credit_approval,GOSDT (reg path),10,0.8115942028985508,3.0,0.9660282135009766,0,0
breast_w,GOSDT (reg path),1,0.8714285714285714,3.0,1.4183087348937988,0,0
breast_w,GOSDT (reg path),1,0.9428571428571428,5.0,1.4183087348937988,0,0
breast_w,GOSDT (reg path),1,0.9571428571428572,9.0,1.4183087348937988,0,0
breast_w,GOSDT (reg path),2,0.9428571428571428,3.0,3.765593528747559,0,0
breast_w,GOSDT (reg path),2,1.0,5.0,3.765593528747559,0,0
breast_w,GOSDT (reg path),3,0.9285714285714286,3.0,0.8584723472595215,0,0
breast_w,GOSDT (reg path),3,0.9857142857142858,9.0,0.8584723472595215,0,0
breast_w,GOSDT (reg path),4,0.8714285714285714,3.0,3.5411059856414795,0,0
breast_w,GOSDT (reg path),4,0.9,5.0,3.5411059856414795,0,0
breast_w,GOSDT (reg path),4,0.9142857142857144,9.0,3.5411059856414795,0,0
breast_w,GOSDT (reg path),5,0.9,3.0,16.54042911529541,0,0
breast_w,GOSDT (reg path),5,0.9285714285714286,5.0,16.54042911529541,0,0
breast_w,GOSDT (reg path),5,0.9428571428571428,9.0,16.54042911529541,0,0
breast_w,GOSDT (reg path),6,0.9571428571428572,3.0,13.234184503555298,0,0
breast_w,GOSDT (reg path),6,0.9714285714285714,7.0,13.234184503555298,0,0
breast_w,GOSDT (reg path),7,0.8714285714285714,3.0,8.29582929611206,0,0
breast_w,GOSDT (reg path),7,0.9142857142857144,5.0,8.29582929611206,0,0
breast_w,GOSDT (reg path),7,0.9428571428571428,9.0,8.29582929611206,0,0
breast_w,GOSDT (reg path),8,0.9285714285714286,3.0,2.12280535697937,0,0
breast_w,GOSDT (reg path),8,0.9714285714285714,5.0,2.12280535697937,0,0
breast_w,GOSDT (reg path),8,0.9857142857142858,7.0,2.12280535697937,0,0
breast_w,GOSDT (reg path),9,0.9142857142857144,3.0,1.137378454208374,0,0
breast_w,GOSDT (reg path),9,0.9285714285714286,5.0,1.137378454208374,0,0
breast_w,GOSDT (reg path),9,0.9714285714285714,7.0,1.137378454208374,0,0
breast_w,GOSDT (reg path),9,0.9857142857142858,9.0,1.137378454208374,0,0
breast_w,GOSDT (reg path),10,0.9130434782608696,3.0,5.980767250061035,0,0
breast_w,GOSDT (reg path),10,0.9420289855072465,5.0,5.980767250061035,0,0
eucalyptus,GOSDT (reg path),1,0.2837837837837837,1.0,2.349941730499268,0,0
eucalyptus,GOSDT (reg path),1,0.4054054054054054,3.0,2.349941730499268,0,0
eucalyptus,GOSDT (reg path),1,0.4324324324324324,5.0,2.349941730499268,0,0
eucalyptus,GOSDT (reg path),1,0.4459459459459459,11.0,2.349941730499268,0,0
eucalyptus,GOSDT (reg path),1,0.5135135135135135,19.0,2.349941730499268,0,0
eucalyptus,GOSDT (reg path),2,0.2837837837837837,1.0,1.8778631687164309,0,0
eucalyptus,GOSDT (reg path),2,0.4054054054054054,3.0,1.8778631687164309,0,0
eucalyptus,GOSDT (reg path),2,0.4864864864864865,9.0,1.8778631687164309,0,0
eucalyptus,GOSDT (reg path),2,0.527027027027027,15.0,1.8778631687164309,0,0
eucalyptus,GOSDT (reg path),3,0.2972972972972973,1.0,1.7240610122680664,0,0
eucalyptus,GOSDT (reg path),3,0.4054054054054054,3.0,1.7240610122680664,0,0
eucalyptus,GOSDT (reg path),3,0.4189189189189189,5.0,1.7240610122680664,0,0
eucalyptus,GOSDT (reg path),3,0.527027027027027,13.0,1.7240610122680664,0,0
eucalyptus,GOSDT (reg path),3,0.5675675675675675,15.0,1.7240610122680664,0,0
eucalyptus,GOSDT (reg path),4,0.2972972972972973,1.0,1.6324658393859863,0,0
eucalyptus,GOSDT (reg path),4,0.3918918918918919,3.0,1.6324658393859863,0,0
eucalyptus,GOSDT (reg path),4,0.4594594594594595,5.0,1.6324658393859863,0,0
eucalyptus,GOSDT (reg path),4,0.4864864864864865,11.0,1.6324658393859863,0,0
eucalyptus,GOSDT (reg path),5,0.2972972972972973,1.0,2.603811264038086,0,0
eucalyptus,GOSDT (reg path),5,0.4189189189189189,3.0,2.603811264038086,0,0
eucalyptus,GOSDT (reg path),5,0.4459459459459459,5.0,2.603811264038086,0,0
eucalyptus,GOSDT (reg path),5,0.5135135135135135,11.0,2.603811264038086,0,0
eucalyptus,GOSDT (reg path),5,0.527027027027027,15.0,2.603811264038086,0,0
eucalyptus,GOSDT (reg path),5,0.5405405405405406,17.0,2.603811264038086,0,0
eucalyptus,GOSDT (reg path),5,0.5675675675675675,29.0,2.603811264038086,0,0
eucalyptus,GOSDT (reg path),6,0.2972972972972973,1.0,3.045783758163452,0,0
eucalyptus,GOSDT (reg path),6,0.4054054054054054,3.0,3.045783758163452,0,0
eucalyptus,GOSDT (reg path),6,0.4594594594594595,5.0,3.045783758163452,0,0
eucalyptus,GOSDT (reg path),7,0.2876712328767123,1.0,2.581060647964477,0,0
eucalyptus,GOSDT (reg path),7,0.410958904109589,3.0,2.581060647964477,0,0
eucalyptus,GOSDT (reg path),7,0.4520547945205479,11.0,2.581060647964477,0,0
eucalyptus,GOSDT (reg path),7,0.4931506849315068,15.0,2.581060647964477,0,0
eucalyptus,GOSDT (reg path),8,0.2876712328767123,1.0,10.729141473770142,0,0
eucalyptus,GOSDT (reg path),8,0.3972602739726027,3.0,10.729141473770142,0,0
eucalyptus,GOSDT (reg path),8,0.4246575342465753,5.0,10.729141473770142,0,0
eucalyptus,GOSDT (reg path),8,0.4520547945205479,11.0,10.729141473770142,0,0
eucalyptus,GOSDT (reg path),8,0.4794520547945205,13.0,10.729141473770142,0,0
eucalyptus,GOSDT (reg path),8,0.4931506849315068,17.0,10.729141473770142,0,0
eucalyptus,GOSDT (reg path),9,0.2876712328767123,1.0,18.94975256919861,0,0
eucalyptus,GOSDT (reg path),9,0.410958904109589,3.0,18.94975256919861,0,0
eucalyptus,GOSDT (reg path),9,0.4931506849315068,5.0,18.94975256919861,0,0
eucalyptus,GOSDT (reg path),9,0.5205479452054794,11.0,18.94975256919861,0,0
eucalyptus,GOSDT (reg path),9,0.547945205479452,13.0,18.94975256919861,0,0
eucalyptus,GOSDT (reg path),9,0.5616438356164384,17.0,18.94975256919861,0,0
eucalyptus,GOSDT (reg path),9,0.589041095890411,35.0,18.94975256919861,0,0
eucalyptus,GOSDT (reg path),10,0.2876712328767123,1.0,2.5825676918029785,0,0
eucalyptus,GOSDT (reg path),10,0.4246575342465753,3.0,2.5825676918029785,0,0
eucalyptus,GOSDT (reg path),10,0.4520547945205479,5.0,2.5825676918029785,0,0
eucalyptus,GOSDT (reg path),10,0.5342465753424658,9.0,2.5825676918029785,0,0
blood_transfusion,GOSDT (reg path),1,0.76,1.0,0.7923364639282227,0,0
blood_transfusion,GOSDT (reg path),1,0.7733333333333333,7.0,0.7923364639282227,0,0
blood_transfusion,GOSDT (reg path),1,0.7866666666666666,9.0,0.7923364639282227,0,0
blood_transfusion,GOSDT (reg path),2,0.76,1.0,0.7676436901092529,0,0
blood_transfusion,GOSDT (reg path),2,0.84,9.0,0.7676436901092529,0,0
blood_transfusion,GOSDT (reg path),3,0.76,1.0,0.5079121589660645,0,0
blood_transfusion,GOSDT (reg path),3,0.8,9.0,0.5079121589660645,0,0
blood_transfusion,GOSDT (reg path),4,0.76,1.0,0.6987769603729248,0,0
blood_transfusion,GOSDT (reg path),4,0.7733333333333333,7.0,0.6987769603729248,0,0
blood_transfusion,GOSDT (reg path),5,0.76,1.0,0.9552087783813475,0,0
blood_transfusion,GOSDT (reg path),6,0.76,1.0,0.8403341770172119,0,0
blood_transfusion,GOSDT (reg path),7,0.76,1.0,0.8793525695800781,0,0
blood_transfusion,GOSDT (reg path),7,0.7866666666666666,7.0,0.8793525695800781,0,0
blood_transfusion,GOSDT (reg path),8,0.76,1.0,0.7141239643096924,0,0
blood_transfusion,GOSDT (reg path),8,0.8133333333333334,9.0,0.7141239643096924,0,0
blood_transfusion,GOSDT (reg path),9,0.7702702702702703,1.0,1.0745899677276611,0,0
blood_transfusion,GOSDT (reg path),10,0.7702702702702703,1.0,0.7455554008483887,0,0
diabetes_pima,GOSDT (reg path),1,0.6493506493506493,1.0,67.4246575832367,0,0
diabetes_pima,GOSDT (reg path),1,0.6753246753246753,3.0,67.4246575832367,0,0
diabetes_pima,GOSDT (reg path),1,0.7272727272727273,5.0,67.4246575832367,0,0
diabetes_pima,GOSDT (reg path),2,0.6493506493506493,1.0,77.86773085594177,1,0
diabetes_pima,GOSDT (reg path),2,0.7012987012987013,3.0,77.86773085594177,1,0
diabetes_pima,GOSDT (reg path),2,0.7142857142857143,5.0,77.86773085594177,1,0
diabetes_pima,GOSDT (reg path),3,0.6493506493506493,1.0,11.2322416305542,0,0
diabetes_pima,GOSDT (reg path),3,0.8051948051948052,3.0,11.2322416305542,0,0
diabetes_pima,GOSDT (reg path),3,0.8441558441558441,5.0,11.2322416305542,0,0
diabetes_pima,GOSDT (reg path),4,0.6493506493506493,1.0,28.67625403404236,0,0
diabetes_pima,GOSDT (reg path),4,0.7402597402597403,3.0,28.67625403404236,0,0
diabetes_pima,GOSDT (reg path),4,0.7532467532467533,5.0,28.67625403404236,0,0
diabetes_pima,GOSDT (reg path),4,0.7792207792207793,9.0,28.67625403404236,0,0
diabetes_pima,GOSDT (reg path),5,0.6493506493506493,1.0,0.8391025066375732,0,0
diabetes_pima,GOSDT (reg path),5,0.6883116883116883,3.0,0.8391025066375732,0,0
diabetes_pima,GOSDT (reg path),5,0.7402597402597403,5.0,0.8391025066375732,0,0
diabetes_pima,GOSDT (reg path),6,0.6493506493506493,1.0,0.8826017379760742,0,0
diabetes_pima,GOSDT (reg path),6,0.7792207792207793,3.0,0.8826017379760742,0,0
diabetes_pima,GOSDT (reg path),6,0.7922077922077922,9.0,0.8826017379760742,0,0
diabetes_pima,GOSDT (reg path),7,0.6493506493506493,1.0,159.5786316394806,4,0
diabetes_pima,GOSDT (reg path),7,0.7532467532467533,3.0,159.5786316394806,4,0
diabetes_pima,GOSDT (reg path),7,0.7662337662337663,5.0,159.5786316394806,4,0
diabetes_pima,GOSDT (reg path),8,0.6493506493506493,1.0,135.7818524837494,3,0
diabetes_pima,GOSDT (reg path),8,0.7532467532467533,3.0,135.7818524837494,3,0
diabetes_pima,GOSDT (reg path),8,0.7922077922077922,9.0,135.7818524837494,3,0
diabetes_pima,GOSDT (reg path),9,0.6578947368421053,1.0,69.7313973903656,0,0
diabetes_pima,GOSDT (reg path),9,0.7894736842105263,3.0,69.7313973903656,0,0
diabetes_pima,GOSDT (reg path),9,0.8289473684210527,5.0,69.7313973903656,0,0
diabetes_pima,GOSDT (reg path),10,0.6578947368421053,1.0,63.24682712554932,0,0
diabetes_pima,GOSDT (reg path),10,0.6710526315789473,3.0,63.24682712554932,0,0
diabetes_pima,GOSDT (reg path),10,0.75,5.0,63.24682712554932,0,0
analcatdata_dmft,GOSDT (reg path),1,0.2,1.0,0.997084379196167,0,0
analcatdata_dmft,GOSDT (reg path),1,0.2625,5.0,0.997084379196167,0,0
analcatdata_dmft,GOSDT (reg path),2,0.2,1.0,0.9300777912139891,0,0
analcatdata_dmft,GOSDT (reg path),2,0.25,5.0,0.9300777912139891,0,0
analcatdata_dmft,GOSDT (reg path),3,0.2,1.0,1.7683234214782717,0,0
analcatdata_dmft,GOSDT (reg path),4,0.2,1.0,1.4646294116973877,0,0
analcatdata_dmft,GOSDT (reg path),4,0.225,5.0,1.4646294116973877,0,0
analcatdata_dmft,GOSDT (reg path),4,0.275,9.0,1.4646294116973877,0,0
analcatdata_dmft,GOSDT (reg path),5,0.2,1.0,1.8457505702972408,0,0
analcatdata_dmft,GOSDT (reg path),5,0.2125,5.0,1.8457505702972408,0,0
analcatdata_dmft,GOSDT (reg path),6,0.1875,1.0,1.2202932834625244,0,0
analcatdata_dmft,GOSDT (reg path),6,0.2125,3.0,1.2202932834625244,0,0
analcatdata_dmft,GOSDT (reg path),6,0.25,7.0,1.2202932834625244,0,0
analcatdata_dmft,GOSDT (reg path),7,0.1875,1.0,0.9343857765197754,0,0
analcatdata_dmft,GOSDT (reg path),7,0.2,21.0,0.9343857765197754,0,0
analcatdata_dmft,GOSDT (reg path),8,0.189873417721519,1.0,0.9278731346130372,0,0
analcatdata_dmft,GOSDT (reg path),9,0.189873417721519,1.0,0.993072509765625,0,0
analcatdata_dmft,GOSDT (reg path),9,0.2278481012658227,5.0,0.993072509765625,0,0
analcatdata_dmft,GOSDT (reg path),9,0.240506329113924,19.0,0.993072509765625,0,0
analcatdata_dmft,GOSDT (reg path),10,0.189873417721519,1.0,1.3977034091949463,0,0
analcatdata_dmft,GOSDT (reg path),10,0.2151898734177215,5.0,1.3977034091949463,0,0
vehicle,GOSDT (reg path),1,0.3647058823529411,3.0,2.553264141082764,0,0
vehicle,GOSDT (reg path),1,0.4588235294117647,5.0,2.553264141082764,0,0
vehicle,GOSDT (reg path),1,0.4823529411764706,7.0,2.553264141082764,0,0
vehicle,GOSDT (reg path),1,0.5411764705882353,9.0,2.553264141082764,0,0
vehicle,GOSDT (reg path),2,0.4235294117647059,3.0,2.5404844284057617,0,0
vehicle,GOSDT (reg path),2,0.5176470588235295,5.0,2.5404844284057617,0,0
vehicle,GOSDT (reg path),2,0.5294117647058824,7.0,2.5404844284057617,0,0
vehicle,GOSDT (reg path),2,0.5764705882352941,11.0,2.5404844284057617,0,0
vehicle,GOSDT (reg path),2,0.6,25.0,2.5404844284057617,0,0
vehicle,GOSDT (reg path),3,0.388235294117647,3.0,4.834362268447876,0,0
vehicle,GOSDT (reg path),3,0.4470588235294118,5.0,4.834362268447876,0,0
vehicle,GOSDT (reg path),3,0.5647058823529412,7.0,4.834362268447876,0,0
vehicle,GOSDT (reg path),3,0.5882352941176471,9.0,4.834362268447876,0,0
vehicle,GOSDT (reg path),3,0.6,11.0,4.834362268447876,0,0
vehicle,GOSDT (reg path),3,0.6588235294117647,25.0,4.834362268447876,0,0
vehicle,GOSDT (reg path),4,0.4235294117647059,3.0,4.828887224197388,0,0
vehicle,GOSDT (reg path),4,0.5647058823529412,5.0,4.828887224197388,0,0
vehicle,GOSDT (reg path),4,0.5882352941176471,7.0,4.828887224197388,0,0
vehicle,GOSDT (reg path),4,0.611764705882353,11.0,4.828887224197388,0,0
vehicle,GOSDT (reg path),4,0.6470588235294118,13.0,4.828887224197388,0,0
vehicle,GOSDT (reg path),5,0.4235294117647059,5.0,2.494513511657715,0,0
vehicle,GOSDT (reg path),5,0.5176470588235295,7.0,2.494513511657715,0,0
vehicle,GOSDT (reg path),5,0.5529411764705883,9.0,2.494513511657715,0,0
vehicle,GOSDT (reg path),6,0.4,3.0,6.142148733139038,0,0
vehicle,GOSDT (reg path),6,0.4941176470588235,5.0,6.142148733139038,0,0
vehicle,GOSDT (reg path),6,0.5882352941176471,7.0,6.142148733139038,0,0
vehicle,GOSDT (reg path),6,0.611764705882353,9.0,6.142148733139038,0,0
vehicle,GOSDT (reg path),6,0.6352941176470588,23.0,6.142148733139038,0,0
vehicle,GOSDT (reg path),7,0.3928571428571428,3.0,7.187557935714722,0,0
vehicle,GOSDT (reg path),7,0.5357142857142857,5.0,7.187557935714722,0,0
vehicle,GOSDT (reg path),7,0.5952380952380952,7.0,7.187557935714722,0,0
vehicle,GOSDT (reg path),7,0.6190476190476191,9.0,7.187557935714722,0,0
vehicle,GOSDT (reg path),7,0.6309523809523809,11.0,7.187557935714722,0,0
vehicle,GOSDT (reg path),7,0.6666666666666666,13.0,7.187557935714722,0,0
vehicle,GOSDT (reg path),7,0.7023809523809523,33.0,7.187557935714722,0,0
vehicle,GOSDT (reg path),8,0.3333333333333333,3.0,3.728712797164917,0,0
vehicle,GOSDT (reg path),8,0.4523809523809524,5.0,3.728712797164917,0,0
vehicle,GOSDT (reg path),8,0.5,7.0,3.728712797164917,0,0
vehicle,GOSDT (reg path),8,0.5357142857142857,15.0,3.728712797164917,0,0
vehicle,GOSDT (reg path),8,0.5952380952380952,31.0,3.728712797164917,0,0
vehicle,GOSDT (reg path),9,0.4285714285714285,3.0,4.399086236953735,0,0
vehicle,GOSDT (reg path),9,0.5238095238095238,5.0,4.399086236953735,0,0
vehicle,GOSDT (reg path),9,0.6071428571428571,7.0,4.399086236953735,0,0
vehicle,GOSDT (reg path),9,0.6904761904761905,11.0,4.399086236953735,0,0
vehicle,GOSDT (reg path),9,0.7261904761904762,27.0,4.399086236953735,0,0
vehicle,GOSDT (reg path),10,0.4166666666666667,3.0,2.7154672145843506,0,0
vehicle,GOSDT (reg path),10,0.5595238095238095,5.0,2.7154672145843506,0,0
vehicle,GOSDT (reg path),10,0.5833333333333334,7.0,2.7154672145843506,0,0
vehicle,GOSDT (reg path),10,0.5952380952380952,9.0,2.7154672145843506,0,0
vehicle,GOSDT (reg path),10,0.6071428571428571,11.0,2.7154672145843506,0,0
vehicle,GOSDT (reg path),10,0.6190476190476191,13.0,2.7154672145843506,0,0
tic_tac_toe,GOSDT (reg path),1,0.65625,1.0,0.3186936378479004,0,0
tic_tac_toe,GOSDT (reg path),1,0.7083333333333334,7.0,0.3186936378479004,0,0
tic_tac_toe,GOSDT (reg path),1,0.75,11.0,0.3186936378479004,0,0
tic_tac_toe,GOSDT (reg path),1,0.7708333333333334,15.0,0.3186936378479004,0,0
tic_tac_toe,GOSDT (reg path),2,0.65625,1.0,0.3973581790924072,0,0
tic_tac_toe,GOSDT (reg path),2,0.71875,7.0,0.3973581790924072,0,0
tic_tac_toe,GOSDT (reg path),2,0.7916666666666666,11.0,0.3973581790924072,0,0
tic_tac_toe,GOSDT (reg path),2,0.8333333333333334,15.0,0.3973581790924072,0,0
tic_tac_toe,GOSDT (reg path),3,0.65625,1.0,0.4339432716369629,0,0
tic_tac_toe,GOSDT (reg path),3,0.7395833333333334,7.0,0.4339432716369629,0,0
tic_tac_toe,GOSDT (reg path),3,0.8229166666666666,11.0,0.4339432716369629,0,0
tic_tac_toe,GOSDT (reg path),3,0.8645833333333334,15.0,0.4339432716369629,0,0
tic_tac_toe,GOSDT (reg path),4,0.65625,1.0,0.4179677963256836,0,0
tic_tac_toe,GOSDT (reg path),4,0.7291666666666666,7.0,0.4179677963256836,0,0
tic_tac_toe,GOSDT (reg path),5,0.65625,1.0,0.3958759307861328,0,0
tic_tac_toe,GOSDT (reg path),5,0.6979166666666666,7.0,0.3958759307861328,0,0
tic_tac_toe,GOSDT (reg path),5,0.7708333333333334,11.0,0.3958759307861328,0,0
tic_tac_toe,GOSDT (reg path),5,0.8020833333333334,15.0,0.3958759307861328,0,0
tic_tac_toe,GOSDT (reg path),6,0.65625,1.0,0.3723273277282715,0,0
tic_tac_toe,GOSDT (reg path),6,0.75,7.0,0.3723273277282715,0,0
tic_tac_toe,GOSDT (reg path),6,0.8020833333333334,11.0,0.3723273277282715,0,0
tic_tac_toe,GOSDT (reg path),6,0.8541666666666666,15.0,0.3723273277282715,0,0
tic_tac_toe,GOSDT (reg path),7,0.6458333333333334,1.0,0.3767602443695068,0,0
tic_tac_toe,GOSDT (reg path),7,0.6770833333333334,7.0,0.3767602443695068,0,0
tic_tac_toe,GOSDT (reg path),7,0.7395833333333334,11.0,0.3767602443695068,0,0
tic_tac_toe,GOSDT (reg path),7,0.7708333333333334,15.0,0.3767602443695068,0,0
tic_tac_toe,GOSDT (reg path),8,0.6458333333333334,1.0,0.4054212570190429,0,0
tic_tac_toe,GOSDT (reg path),8,0.7395833333333334,7.0,0.4054212570190429,0,0
tic_tac_toe,GOSDT (reg path),8,0.7916666666666666,11.0,0.4054212570190429,0,0
tic_tac_toe,GOSDT (reg path),8,0.8333333333333334,15.0,0.4054212570190429,0,0
tic_tac_toe,GOSDT (reg path),9,0.6526315789473685,1.0,0.3293232917785644,0,0
tic_tac_toe,GOSDT (reg path),9,0.7157894736842105,7.0,0.3293232917785644,0,0
tic_tac_toe,GOSDT (reg path),9,0.7684210526315789,11.0,0.3293232917785644,0,0
tic_tac_toe,GOSDT (reg path),9,0.8210526315789474,15.0,0.3293232917785644,0,0
tic_tac_toe,GOSDT (reg path),10,0.6526315789473685,1.0,0.4384748935699463,0,0
tic_tac_toe,GOSDT (reg path),10,0.7473684210526316,7.0,0.4384748935699463,0,0
tic_tac_toe,GOSDT (reg path),10,0.8105263157894737,11.0,0.4384748935699463,0,0
tic_tac_toe,GOSDT (reg path),10,0.8526315789473684,15.0,0.4384748935699463,0,0
vowel,GOSDT (reg path),1,0.1818181818181818,3.0,33.835938692092896,0,1
vowel,GOSDT (reg path),1,0.2626262626262626,5.0,33.835938692092896,0,1
vowel,GOSDT (reg path),1,0.3232323232323232,9.0,33.835938692092896,0,1
vowel,GOSDT (reg path),1,0.3434343434343434,13.0,33.835938692092896,0,1
vowel,GOSDT (reg path),1,0.3737373737373737,23.0,33.835938692092896,0,1
vowel,GOSDT (reg path),1,0.4141414141414141,39.0,33.835938692092896,0,1
vowel,GOSDT (reg path),1,0.4545454545454545,79.0,33.835938692092896,0,1
vowel,GOSDT (reg path),2,0.1818181818181818,3.0,181.0525214672089,3,1
vowel,GOSDT (reg path),2,0.2525252525252525,5.0,181.0525214672089,3,1
vowel,GOSDT (reg path),2,0.3131313131313131,9.0,181.0525214672089,3,1
vowel,GOSDT (reg path),2,0.3838383838383838,13.0,181.0525214672089,3,1
vowel,GOSDT (reg path),2,0.3939393939393939,15.0,181.0525214672089,3,1
vowel,GOSDT (reg path),2,0.404040404040404,55.0,181.0525214672089,3,1
vowel,GOSDT (reg path),2,0.4343434343434343,77.0,181.0525214672089,3,1
vowel,GOSDT (reg path),3,0.0909090909090909,1.0,88.22292065620422,0,1
vowel,GOSDT (reg path),3,0.2323232323232323,5.0,88.22292065620422,0,1
vowel,GOSDT (reg path),3,0.2424242424242424,7.0,88.22292065620422,0,1
vowel,GOSDT (reg path),3,0.2727272727272727,9.0,88.22292065620422,0,1
vowel,GOSDT (reg path),3,0.2828282828282828,11.0,88.22292065620422,0,1
vowel,GOSDT (reg path),3,0.3333333333333333,23.0,88.22292065620422,0,1
vowel,GOSDT (reg path),3,0.3434343434343434,29.0,88.22292065620422,0,1
vowel,GOSDT (reg path),3,0.3535353535353535,63.0,88.22292065620422,0,1
vowel,GOSDT (reg path),4,0.0909090909090909,1.0,20.01063346862793,0,1
vowel,GOSDT (reg path),4,0.1717171717171717,3.0,20.01063346862793,0,1
vowel,GOSDT (reg path),4,0.2323232323232323,5.0,20.01063346862793,0,1
vowel,GOSDT (reg path),4,0.3636363636363636,15.0,20.01063346862793,0,1
vowel,GOSDT (reg path),4,0.3838383838383838,19.0,20.01063346862793,0,1
vowel,GOSDT (reg path),4,0.4545454545454545,79.0,20.01063346862793,0,1
vowel,GOSDT (reg path),5,0.1818181818181818,3.0,163.57033967971802,3,1
vowel,GOSDT (reg path),5,0.2727272727272727,5.0,163.57033967971802,3,1
vowel,GOSDT (reg path),5,0.2828282828282828,7.0,163.57033967971802,3,1
vowel,GOSDT (reg path),5,0.3232323232323232,15.0,163.57033967971802,3,1
vowel,GOSDT (reg path),5,0.3939393939393939,23.0,163.57033967971802,3,1
vowel,GOSDT (reg path),6,0.0909090909090909,1.0,23.932594537734985,0,1
vowel,GOSDT (reg path),6,0.2222222222222222,5.0,23.932594537734985,0,1
vowel,GOSDT (reg path),6,0.2828282828282828,7.0,23.932594537734985,0,1
vowel,GOSDT (reg path),6,0.3434343434343434,11.0,23.932594537734985,0,1
vowel,GOSDT (reg path),6,0.3535353535353535,19.0,23.932594537734985,0,1
vowel,GOSDT (reg path),6,0.3737373737373737,31.0,23.932594537734985,0,1
vowel,GOSDT (reg path),6,0.404040404040404,47.0,23.932594537734985,0,1
vowel,GOSDT (reg path),6,0.4141414141414141,75.0,23.932594537734985,0,1
vowel,GOSDT (reg path),7,0.1818181818181818,3.0,18.8768572807312,0,1
vowel,GOSDT (reg path),7,0.2222222222222222,5.0,18.8768572807312,0,1
vowel,GOSDT (reg path),7,0.2727272727272727,7.0,18.8768572807312,0,1
vowel,GOSDT (reg path),7,0.3535353535353535,13.0,18.8768572807312,0,1
vowel,GOSDT (reg path),7,0.3838383838383838,15.0,18.8768572807312,0,1
vowel,GOSDT (reg path),7,0.4242424242424242,43.0,18.8768572807312,0,1
vowel,GOSDT (reg path),7,0.4545454545454545,51.0,18.8768572807312,0,1
vowel,GOSDT (reg path),7,0.4646464646464646,83.0,18.8768572807312,0,1
vowel,GOSDT (reg path),8,0.0909090909090909,1.0,53.85096597671509,0,1
vowel,GOSDT (reg path),8,0.2222222222222222,5.0,53.85096597671509,0,1
vowel,GOSDT (reg path),8,0.2424242424242424,7.0,53.85096597671509,0,1
vowel,GOSDT (reg path),8,0.3232323232323232,11.0,53.85096597671509,0,1
vowel,GOSDT (reg path),8,0.404040404040404,21.0,53.85096597671509,0,1
vowel,GOSDT (reg path),8,0.4242424242424242,25.0,53.85096597671509,0,1
vowel,GOSDT (reg path),8,0.4343434343434343,37.0,53.85096597671509,0,1
vowel,GOSDT (reg path),9,0.1515151515151515,3.0,83.04499363899231,0,1
vowel,GOSDT (reg path),9,0.2323232323232323,5.0,83.04499363899231,0,1
vowel,GOSDT (reg path),9,0.2727272727272727,7.0,83.04499363899231,0,1
vowel,GOSDT (reg path),9,0.3434343434343434,13.0,83.04499363899231,0,1
vowel,GOSDT (reg path),9,0.3535353535353535,15.0,83.04499363899231,0,1
vowel,GOSDT (reg path),9,0.3737373737373737,21.0,83.04499363899231,0,1
vowel,GOSDT (reg path),9,0.3838383838383838,43.0,83.04499363899231,0,1
vowel,GOSDT (reg path),9,0.4545454545454545,57.0,83.04499363899231,0,1
vowel,GOSDT (reg path),10,0.1818181818181818,3.0,214.70974493026733,5,1
vowel,GOSDT (reg path),10,0.2424242424242424,5.0,214.70974493026733,5,1
vowel,GOSDT (reg path),10,0.2929292929292929,9.0,214.70974493026733,5,1
vowel,GOSDT (reg path),10,0.3535353535353535,13.0,214.70974493026733,5,1
vowel,GOSDT (reg path),10,0.3737373737373737,21.0,214.70974493026733,5,1
vowel,GOSDT (reg path),10,0.3939393939393939,35.0,214.70974493026733,5,1
vowel,GOSDT (reg path),10,0.4242424242424242,53.0,214.70974493026733,5,1
credit_g,GOSDT (reg path),1,0.7,1.0,0.7760922908782959,0,0
credit_g,GOSDT (reg path),2,0.7,1.0,42.392130851745605,0,0
credit_g,GOSDT (reg path),3,0.7,1.0,19.78422999382019,0,0
credit_g,GOSDT (reg path),3,0.73,5.0,19.78422999382019,0,0
credit_g,GOSDT (reg path),4,0.7,1.0,0.6129844188690186,0,0
credit_g,GOSDT (reg path),4,0.73,5.0,0.6129844188690186,0,0
credit_g,GOSDT (reg path),5,0.7,1.0,20.2572660446167,0,0
credit_g,GOSDT (reg path),5,0.73,5.0,20.2572660446167,0,0
credit_g,GOSDT (reg path),6,0.7,1.0,0.6843423843383789,0,0
credit_g,GOSDT (reg path),6,0.74,5.0,0.6843423843383789,0,0
credit_g,GOSDT (reg path),7,0.7,1.0,39.43006181716919,0,0
credit_g,GOSDT (reg path),7,0.72,7.0,39.43006181716919,0,0
credit_g,GOSDT (reg path),7,0.75,17.0,39.43006181716919,0,0
credit_g,GOSDT (reg path),7,0.78,25.0,39.43006181716919,0,0
credit_g,GOSDT (reg path),8,0.7,1.0,18.70245623588562,0,0
credit_g,GOSDT (reg path),8,0.74,7.0,18.70245623588562,0,0
credit_g,GOSDT (reg path),8,0.76,11.0,18.70245623588562,0,0
credit_g,GOSDT (reg path),8,0.77,15.0,18.70245623588562,0,0
credit_g,GOSDT (reg path),9,0.7,1.0,0.846794843673706,0,0
credit_g,GOSDT (reg path),9,0.71,7.0,0.846794843673706,0,0
credit_g,GOSDT (reg path),9,0.72,9.0,0.846794843673706,0,0
credit_g,GOSDT (reg path),9,0.74,15.0,0.846794843673706,0,0
credit_g,GOSDT (reg path),10,0.7,1.0,7.984099864959717,0,0
credit_g,GOSDT (reg path),10,0.72,9.0,7.984099864959717,0,0
credit_g,GOSDT (reg path),10,0.74,11.0,7.984099864959717,0,0
credit_g,GOSDT (reg path),10,0.76,19.0,7.984099864959717,0,0
pc1,GOSDT (reg path),1,0.9369369369369368,1.0,0.7692937850952148,0,0
pc1,GOSDT (reg path),2,0.9369369369369368,1.0,0.4952032566070556,0,0
pc1,GOSDT (reg path),2,0.954954954954955,3.0,0.4952032566070556,0,0
pc1,GOSDT (reg path),3,0.927927927927928,1.0,0.752387523651123,0,0
pc1,GOSDT (reg path),4,0.927927927927928,1.0,0.4036049842834472,0,0
pc1,GOSDT (reg path),4,0.9369369369369368,3.0,0.4036049842834472,0,0
pc1,GOSDT (reg path),5,0.927927927927928,1.0,0.3769867420196533,0,0
pc1,GOSDT (reg path),5,0.945945945945946,7.0,0.3769867420196533,0,0
pc1,GOSDT (reg path),6,0.927927927927928,1.0,0.2989101409912109,0,0
pc1,GOSDT (reg path),7,0.927927927927928,1.0,0.6449379920959473,0,0
pc1,GOSDT (reg path),8,0.927927927927928,1.0,0.653963565826416,0,0
pc1,GOSDT (reg path),9,0.927927927927928,1.0,0.5017995834350586,0,0
pc1,GOSDT (reg path),9,0.9369369369369368,7.0,0.5017995834350586,0,0
pc1,GOSDT (reg path),10,0.9363636363636364,1.0,0.3806490898132324,0,0
pc1,GOSDT (reg path),10,0.9545454545454546,3.0,0.3806490898132324,0,0
pc1,GOSDT (reg path),10,0.9636363636363636,13.0,0.3806490898132324,0,0
banknote,GOSDT (reg path),1,0.8695652173913043,3.0,2.578907251358032,0,0
banknote,GOSDT (reg path),1,0.8840579710144928,5.0,2.578907251358032,0,0
banknote,GOSDT (reg path),1,0.9057971014492754,9.0,2.578907251358032,0,0
banknote,GOSDT (reg path),1,0.9565217391304348,11.0,2.578907251358032,0,0
banknote,GOSDT (reg path),2,0.855072463768116,3.0,7.0626959800720215,0,0
banknote,GOSDT (reg path),2,0.8768115942028986,5.0,7.0626959800720215,0,0
banknote,GOSDT (reg path),2,0.9492753623188406,9.0,7.0626959800720215,0,0
banknote,GOSDT (reg path),2,0.9637681159420288,11.0,7.0626959800720215,0,0
banknote,GOSDT (reg path),3,0.8759124087591241,3.0,7.484038591384888,0,0
banknote,GOSDT (reg path),3,0.9051094890510948,5.0,7.484038591384888,0,0
banknote,GOSDT (reg path),3,0.948905109489051,9.0,7.484038591384888,0,0
banknote,GOSDT (reg path),3,0.9562043795620438,11.0,7.484038591384888,0,0
banknote,GOSDT (reg path),4,0.8102189781021898,3.0,5.414564609527588,0,0
banknote,GOSDT (reg path),4,0.8540145985401459,5.0,5.414564609527588,0,0
banknote,GOSDT (reg path),4,0.9343065693430656,9.0,5.414564609527588,0,0
banknote,GOSDT (reg path),4,0.9635036496350364,11.0,5.414564609527588,0,0
banknote,GOSDT (reg path),5,0.8467153284671532,3.0,1.5022757053375244,0,0
banknote,GOSDT (reg path),5,0.8978102189781022,7.0,1.5022757053375244,0,0
banknote,GOSDT (reg path),5,0.9416058394160584,9.0,1.5022757053375244,0,0
banknote,GOSDT (reg path),5,0.9708029197080292,11.0,1.5022757053375244,0,0
banknote,GOSDT (reg path),6,0.9051094890510948,3.0,1.0784690380096436,0,0
banknote,GOSDT (reg path),6,0.927007299270073,5.0,1.0784690380096436,0,0
banknote,GOSDT (reg path),6,0.9416058394160584,9.0,1.0784690380096436,0,0
banknote,GOSDT (reg path),6,0.9854014598540146,11.0,1.0784690380096436,0,0
banknote,GOSDT (reg path),7,0.8540145985401459,3.0,1.461440086364746,0,0
banknote,GOSDT (reg path),7,0.9124087591240876,5.0,1.461440086364746,0,0
banknote,GOSDT (reg path),7,0.9635036496350364,9.0,1.461440086364746,0,0
banknote,GOSDT (reg path),7,0.9708029197080292,13.0,1.461440086364746,0,0
banknote,GOSDT (reg path),8,0.8321167883211679,3.0,2.1453888416290283,0,0
banknote,GOSDT (reg path),8,0.8613138686131386,5.0,2.1453888416290283,0,0
banknote,GOSDT (reg path),8,0.9416058394160584,9.0,2.1453888416290283,0,0
banknote,GOSDT (reg path),8,0.9562043795620438,11.0,2.1453888416290283,0,0
banknote,GOSDT (reg path),9,0.8540145985401459,3.0,2.856221914291382,0,0
banknote,GOSDT (reg path),9,0.9197080291970804,7.0,2.856221914291382,0,0
banknote,GOSDT (reg path),9,0.9343065693430656,9.0,2.856221914291382,0,0
banknote,GOSDT (reg path),9,0.948905109489051,11.0,2.856221914291382,0,0
banknote,GOSDT (reg path),10,0.8248175182481752,3.0,0.839270830154419,0,0
banknote,GOSDT (reg path),10,0.8394160583941606,5.0,0.839270830154419,0,0
banknote,GOSDT (reg path),10,0.9854014598540146,9.0,0.839270830154419,0,0
pc4,GOSDT (reg path),1,0.8767123287671232,1.0,1.039226770401001,0,0
pc4,GOSDT (reg path),1,0.8835616438356164,3.0,1.039226770401001,0,0
pc4,GOSDT (reg path),1,0.9041095890410958,5.0,1.039226770401001,0,0
pc4,GOSDT (reg path),2,0.8767123287671232,1.0,0.9471433162689208,0,0
pc4,GOSDT (reg path),2,0.910958904109589,3.0,0.9471433162689208,0,0
pc4,GOSDT (reg path),3,0.8767123287671232,1.0,0.7229187488555908,0,0
pc4,GOSDT (reg path),3,0.9178082191780822,3.0,0.7229187488555908,0,0
pc4,GOSDT (reg path),4,0.8767123287671232,1.0,0.6386680603027344,0,0
pc4,GOSDT (reg path),4,0.8972602739726028,3.0,0.6386680603027344,0,0
pc4,GOSDT (reg path),5,0.8767123287671232,1.0,3.4211583137512207,0,0
pc4,GOSDT (reg path),5,0.8972602739726028,5.0,3.4211583137512207,0,0
pc4,GOSDT (reg path),6,0.8767123287671232,1.0,0.6657564640045166,0,0
pc4,GOSDT (reg path),6,0.9041095890410958,3.0,0.6657564640045166,0,0
pc4,GOSDT (reg path),7,0.8767123287671232,1.0,0.605945348739624,0,0
pc4,GOSDT (reg path),7,0.8972602739726028,3.0,0.605945348739624,0,0
pc4,GOSDT (reg path),7,0.9041095890410958,5.0,0.605945348739624,0,0
pc4,GOSDT (reg path),8,0.8767123287671232,1.0,2.138250827789306,0,0
pc4,GOSDT (reg path),8,0.8835616438356164,3.0,2.138250827789306,0,0
pc4,GOSDT (reg path),9,0.8827586206896552,1.0,0.759514331817627,0,0
pc4,GOSDT (reg path),9,0.8896551724137931,3.0,0.759514331817627,0,0
pc4,GOSDT (reg path),9,0.896551724137931,5.0,0.759514331817627,0,0
pc4,GOSDT (reg path),9,0.9103448275862068,11.0,0.759514331817627,0,0
pc4,GOSDT (reg path),10,0.8827586206896552,1.0,0.5466670989990234,0,0
pc4,GOSDT (reg path),10,0.896551724137931,3.0,0.5466670989990234,0,0
pc4,GOSDT (reg path),10,0.903448275862069,11.0,0.5466670989990234,0,0
