dataset,method,fold,hypervolume,reference_nodes
analcatdata_dmft,CART (ccp path),1,52.625,240.0
analcatdata_dmft,CART (ccp path),2,51.075,240.0
analcatdata_dmft,CART (ccp path),3,47.800000000000004,240.0
analcatdata_dmft,CART (ccp path),4,54.8875,240.0
analcatdata_dmft,CART (ccp path),5,66.4,240.0
analcatdata_dmft,CART (ccp path),6,59.35,240.0
analcatdata_dmft,CART (ccp path),7,47.300000000000004,240.0
analcatdata_dmft,CART (ccp path),8,45.721518987341774,240.0
analcatdata_dmft,CART (ccp path),9,52.886075949367076,240.0
analcatdata_dmft,CART (ccp path),10,47.645569620253156,240.0
analcatdata_dmft,GA (NSGA-II),1,47.800000000000004,240.0
analcatdata_dmft,GA (NSGA-II),2,68.1875,240.0
analcatdata_dmft,GA (NSGA-II),3,47.800000000000004,240.0
analcatdata_dmft,GA (NSGA-II),4,56.412499999999994,240.0
analcatdata_dmft,GA (NSGA-II),5,65.25,240.0
analcatdata_dmft,GA (NSGA-II),6,53.65,240.0
analcatdata_dmft,GA (NSGA-II),7,62.4375,240.0
analcatdata_dmft,GA (NSGA-II),8,57.17721518987341,240.0
analcatdata_dmft,GA (NSGA-II),9,63.227848101265806,240.0
analcatdata_dmft,GA (NSGA-II),10,51.32911392405063,240.0
analcatdata_dmft,"GA (NSGA-II, archived)",1,56.4625,240.0
analcatdata_dmft,"GA (NSGA-II, archived)",2,58.95,240.0
analcatdata_dmft,"GA (NSGA-II, archived)",3,59.550000000000004,240.0
analcatdata_dmft,"GA (NSGA-II, archived)",4,62.51250000000001,240.0
analcatdata_dmft,"GA (NSGA-II, archived)",5,56.1625,240.0
analcatdata_dmft,"GA (NSGA-II, archived)",6,56.637499999999996,240.0
analcatdata_dmft,"GA (NSGA-II, archived)",7,44.8125,240.0
analcatdata_dmft,"GA (NSGA-II, archived)",8,57.126582278481,240.0
analcatdata_dmft,"GA (NSGA-II, archived)",9,63.25316455696201,240.0
analcatdata_dmft,"GA (NSGA-II, archived)",10,51.32911392405063,240.0
analcatdata_dmft,GOSDT (reg path),1,62.487500000000004,240.0
analcatdata_dmft,GOSDT (reg path),2,59.550000000000004,240.0
analcatdata_dmft,GOSDT (reg path),3,47.800000000000004,240.0
analcatdata_dmft,GOSDT (reg path),4,65.22500000000001,240.0
analcatdata_dmft,GOSDT (reg path),5,50.7375,240.0
analcatdata_dmft,GOSDT (reg path),6,59.474999999999994,240.0
analcatdata_dmft,GOSDT (reg path),7,47.550000000000004,240.0
analcatdata_dmft,GOSDT (reg path),8,45.37974683544304,240.0
analcatdata_dmft,GOSDT (reg path),9,57.1012658227848,240.0
analcatdata_dmft,GOSDT (reg path),10,51.32911392405063,240.0
analcatdata_dmft,Random Search,1,62.462500000000006,240.0
analcatdata_dmft,Random Search,2,50.7625,240.0
analcatdata_dmft,Random Search,3,64.85000000000001,240.0
analcatdata_dmft,Random Search,4,62.337500000000006,240.0
analcatdata_dmft,Random Search,5,50.6375,240.0
analcatdata_dmft,Random Search,6,70.6,240.0
analcatdata_dmft,Random Search,7,53.125,240.0
analcatdata_dmft,Random Search,8,51.379746835443036,240.0
analcatdata_dmft,Random Search,9,56.97468354430379,240.0
analcatdata_dmft,Random Search,10,51.32911392405063,240.0
balance_scale,CART (ccp path),1,59.34920634920634,80.0
balance_scale,CART (ccp path),2,53.49206349206348,80.0
balance_scale,CART (ccp path),3,59.253968253968246,80.0
balance_scale,CART (ccp path),4,59.09523809523809,80.0
balance_scale,CART (ccp path),5,59.93650793650794,80.0
balance_scale,CART (ccp path),6,58.258064516129025,80.0
balance_scale,CART (ccp path),7,59.064516129032256,80.0
balance_scale,CART (ccp path),8,61.67741935483871,80.0
balance_scale,CART (ccp path),9,56.12903225806451,80.0
balance_scale,CART (ccp path),10,55.935483870967744,80.0
balance_scale,GA (NSGA-II),1,57.98412698412698,80.0
balance_scale,GA (NSGA-II),2,52.714285714285715,80.0
balance_scale,GA (NSGA-II),3,67.19047619047619,80.0
balance_scale,GA (NSGA-II),4,62.77777777777777,80.0
balance_scale,GA (NSGA-II),5,59.07936507936507,80.0
balance_scale,GA (NSGA-II),6,57.806451612903224,80.0
balance_scale,GA (NSGA-II),7,56.903225806451616,80.0
balance_scale,GA (NSGA-II),8,64.22580645161291,80.0
balance_scale,GA (NSGA-II),9,56.33870967741936,80.0
balance_scale,GA (NSGA-II),10,61.03225806451613,80.0
balance_scale,"GA (NSGA-II, archived)",1,55.730158730158735,80.0
balance_scale,"GA (NSGA-II, archived)",2,62.238095238095234,80.0
balance_scale,"GA (NSGA-II, archived)",3,57.19047619047619,80.0
balance_scale,"GA (NSGA-II, archived)",4,59.04761904761904,80.0
balance_scale,"GA (NSGA-II, archived)",5,61.015873015873005,80.0
balance_scale,"GA (NSGA-II, archived)",6,63.112903225806456,80.0
balance_scale,"GA (NSGA-II, archived)",7,58.14516129032258,80.0
balance_scale,"GA (NSGA-II, archived)",8,62.5483870967742,80.0
balance_scale,"GA (NSGA-II, archived)",9,58.096774193548384,80.0
balance_scale,"GA (NSGA-II, archived)",10,58.435483870967744,80.0
balance_scale,GOSDT (reg path),1,59.507936507936506,80.0
balance_scale,GOSDT (reg path),2,53.01587301587301,80.0
balance_scale,GOSDT (reg path),3,61.460317460317455,80.0
balance_scale,GOSDT (reg path),4,61.38095238095239,80.0
balance_scale,GOSDT (reg path),5,49.85714285714286,80.0
balance_scale,GOSDT (reg path),6,56.64516129032258,80.0
balance_scale,GOSDT (reg path),7,54.29032258064516,80.0
balance_scale,GOSDT (reg path),8,55.33870967741936,80.0
balance_scale,GOSDT (reg path),9,52.88709677419355,80.0
balance_scale,GOSDT (reg path),10,58.77419354838709,80.0
balance_scale,Random Search,1,60.17460317460317,80.0
balance_scale,Random Search,2,57.22222222222222,80.0
balance_scale,Random Search,3,60.73015873015872,80.0
balance_scale,Random Search,4,60.85714285714285,80.0
balance_scale,Random Search,5,60.6031746031746,80.0
balance_scale,Random Search,6,60.62903225806451,80.0
balance_scale,Random Search,7,61.258064516129025,80.0
balance_scale,Random Search,8,60.854838709677416,80.0
balance_scale,Random Search,9,54.983870967741936,80.0
balance_scale,Random Search,10,61.096774193548384,80.0
banknote,CART (ccp path),1,41.289855072463766,46.0
banknote,CART (ccp path),2,40.96376811594203,46.0
banknote,CART (ccp path),3,41.31386861313869,46.0
banknote,CART (ccp path),4,40.372262773722625,46.0
banknote,CART (ccp path),5,42.23357664233576,46.0
banknote,CART (ccp path),6,42.394160583941606,46.0
banknote,CART (ccp path),7,41.883211678832126,46.0
banknote,CART (ccp path),8,40.07299270072993,46.0
banknote,CART (ccp path),9,41.941605839416056,46.0
banknote,CART (ccp path),10,41.59854014598541,46.0
banknote,GA (NSGA-II),1,41.427536231884055,46.0
banknote,GA (NSGA-II),2,39.891304347826086,46.0
banknote,GA (NSGA-II),3,41.44525547445255,46.0
banknote,GA (NSGA-II),4,39.22627737226278,46.0
banknote,GA (NSGA-II),5,41.24817518248175,46.0
banknote,GA (NSGA-II),6,41.87591240875913,46.0
banknote,GA (NSGA-II),7,40.897810218978094,46.0
banknote,GA (NSGA-II),8,39.73722627737226,46.0
banknote,GA (NSGA-II),9,40.496350364963504,46.0
banknote,GA (NSGA-II),10,41.70802919708029,46.0
banknote,"GA (NSGA-II, archived)",1,41.094202898550726,46.0
banknote,"GA (NSGA-II, archived)",2,41.36231884057971,46.0
banknote,"GA (NSGA-II, archived)",3,40.32116788321168,46.0
banknote,"GA (NSGA-II, archived)",4,38.737226277372265,46.0
banknote,"GA (NSGA-II, archived)",5,39.86861313868613,46.0
banknote,"GA (NSGA-II, archived)",6,42.02189781021898,46.0
banknote,"GA (NSGA-II, archived)",7,41.24817518248175,46.0
banknote,"GA (NSGA-II, archived)",8,39.861313868613145,46.0
banknote,"GA (NSGA-II, archived)",9,41.656934306569354,46.0
banknote,"GA (NSGA-II, archived)",10,40.67883211678832,46.0
banknote,GOSDT (reg path),1,40.565217391304344,46.0
banknote,GOSDT (reg path),2,40.84782608695651,46.0
banknote,GOSDT (reg path),3,40.73722627737227,46.0
banknote,GOSDT (reg path),4,40.627737226277375,46.0
banknote,GOSDT (reg path),5,41.043795620437955,46.0
banknote,GOSDT (reg path),6,41.89051094890511,46.0
banknote,GOSDT (reg path),7,41.24817518248175,46.0
banknote,GOSDT (reg path),8,40.45985401459854,46.0
banknote,GOSDT (reg path),9,40.33576642335766,46.0
banknote,GOSDT (reg path),10,41.46715328467154,46.0
banknote,Random Search,1,39.42028985507247,46.0
banknote,Random Search,2,41.15217391304348,46.0
banknote,Random Search,3,39.92700729927007,46.0
banknote,Random Search,4,39.51094890510949,46.0
banknote,Random Search,5,40.85401459854015,46.0
banknote,Random Search,6,42.35766423357664,46.0
banknote,Random Search,7,40.34306569343065,46.0
banknote,Random Search,8,37.729927007299274,46.0
banknote,Random Search,9,40.29197080291971,46.0
banknote,Random Search,10,38.53284671532847,46.0
blood_transfusion,CART (ccp path),1,69.01333333333334,88.0
blood_transfusion,CART (ccp path),2,72.09333333333333,88.0
blood_transfusion,CART (ccp path),3,66.70666666666668,88.0
blood_transfusion,CART (ccp path),4,68.42666666666668,88.0
blood_transfusion,CART (ccp path),5,70.26666666666667,88.0
blood_transfusion,CART (ccp path),6,69.04,88.0
blood_transfusion,CART (ccp path),7,67.12,88.0
blood_transfusion,CART (ccp path),8,69.04,88.0
blood_transfusion,CART (ccp path),9,67.01351351351352,88.0
blood_transfusion,CART (ccp path),10,68.60810810810811,88.0
blood_transfusion,GA (NSGA-II),1,67.25333333333333,88.0
blood_transfusion,GA (NSGA-II),2,71.54666666666668,88.0
blood_transfusion,GA (NSGA-II),3,68.38666666666667,88.0
blood_transfusion,GA (NSGA-II),4,68.17333333333333,88.0
blood_transfusion,GA (NSGA-II),5,70.44000000000001,88.0
blood_transfusion,GA (NSGA-II),6,69.38666666666667,88.0
blood_transfusion,GA (NSGA-II),7,66.12,88.0
blood_transfusion,GA (NSGA-II),8,69.38666666666667,88.0
blood_transfusion,GA (NSGA-II),9,68.16216216216216,88.0
blood_transfusion,GA (NSGA-II),10,68.16216216216216,88.0
blood_transfusion,"GA (NSGA-II, archived)",1,68.30666666666666,88.0
blood_transfusion,"GA (NSGA-II, archived)",2,66.12,88.0
blood_transfusion,"GA (NSGA-II, archived)",3,68.33333333333333,88.0
blood_transfusion,"GA (NSGA-II, archived)",4,66.12,88.0
blood_transfusion,"GA (NSGA-II, archived)",5,69.41333333333334,88.0
blood_transfusion,"GA (NSGA-II, archived)",6,67.25333333333333,88.0
blood_transfusion,"GA (NSGA-II, archived)",7,67.22666666666667,88.0
blood_transfusion,"GA (NSGA-II, archived)",8,68.36,88.0
blood_transfusion,"GA (NSGA-II, archived)",9,69.22972972972973,88.0
blood_transfusion,"GA (NSGA-II, archived)",10,68.05405405405405,88.0
blood_transfusion,GOSDT (reg path),1,68.25333333333333,88.0
blood_transfusion,GOSDT (reg path),2,72.44,88.0
blood_transfusion,GOSDT (reg path),3,69.28,88.0
blood_transfusion,GOSDT (reg path),4,67.2,88.0
blood_transfusion,GOSDT (reg path),5,66.12,88.0
blood_transfusion,GOSDT (reg path),6,66.12,88.0
blood_transfusion,GOSDT (reg path),7,68.28,88.0
blood_transfusion,GOSDT (reg path),8,70.33333333333334,88.0
blood_transfusion,GOSDT (reg path),9,67.01351351351352,88.0
blood_transfusion,GOSDT (reg path),10,67.01351351351352,88.0
blood_transfusion,Random Search,1,67.25333333333333,88.0
blood_transfusion,Random Search,2,70.04,88.0
blood_transfusion,Random Search,3,69.41333333333334,88.0
blood_transfusion,Random Search,4,66.12,88.0
blood_transfusion,Random Search,5,69.92,88.0
blood_transfusion,Random Search,6,67.22666666666667,88.0
blood_transfusion,Random Search,7,70.06666666666668,88.0
blood_transfusion,Random Search,8,70.17333333333333,88.0
blood_transfusion,Random Search,9,67.01351351351352,88.0
blood_transfusion,Random Search,10,67.01351351351352,88.0
breast_w,CART (ccp path),1,25.614285714285714,30.0
breast_w,CART (ccp path),2,27.285714285714285,30.0
breast_w,CART (ccp path),3,26.557142857142857,30.0
breast_w,CART (ccp path),4,25.78571428571428,30.0
breast_w,CART (ccp path),5,25.557142857142857,30.0
breast_w,CART (ccp path),6,26.142857142857146,30.0
breast_w,CART (ccp path),7,26.142857142857142,30.0
breast_w,CART (ccp path),8,26.628571428571426,30.0
breast_w,CART (ccp path),9,27.014285714285712,30.0
breast_w,CART (ccp path),10,26.1304347826087,30.0
breast_w,GA (NSGA-II),1,26.95714285714286,30.0
breast_w,GA (NSGA-II),2,28.200000000000003,30.0
breast_w,GA (NSGA-II),3,26.385714285714286,30.0
breast_w,GA (NSGA-II),4,25.557142857142857,30.0
breast_w,GA (NSGA-II),5,27.371428571428574,30.0
breast_w,GA (NSGA-II),6,26.65714285714286,30.0
breast_w,GA (NSGA-II),7,26.385714285714286,30.0
breast_w,GA (NSGA-II),8,27.814285714285717,30.0
breast_w,GA (NSGA-II),9,27.04285714285714,30.0
breast_w,GA (NSGA-II),10,26.318840579710145,30.0
breast_w,"GA (NSGA-II, archived)",1,26.742857142857144,30.0
breast_w,"GA (NSGA-II, archived)",2,28.228571428571428,30.0
breast_w,"GA (NSGA-II, archived)",3,26.0,30.0
breast_w,"GA (NSGA-II, archived)",4,26.271428571428572,30.0
breast_w,"GA (NSGA-II, archived)",5,26.628571428571426,30.0
breast_w,"GA (NSGA-II, archived)",6,27.15714285714286,30.0
breast_w,"GA (NSGA-II, archived)",7,26.457142857142856,30.0
breast_w,"GA (NSGA-II, archived)",8,27.371428571428574,30.0
breast_w,"GA (NSGA-II, archived)",9,27.2,30.0
breast_w,"GA (NSGA-II, archived)",10,26.985507246376816,30.0
breast_w,GOSDT (reg path),1,25.614285714285714,30.0
breast_w,GOSDT (reg path),2,26.885714285714286,30.0
breast_w,GOSDT (reg path),3,26.271428571428572,30.0
breast_w,GOSDT (reg path),4,24.542857142857144,30.0
breast_w,GOSDT (reg path),5,25.314285714285717,30.0
breast_w,GOSDT (reg path),6,26.17142857142857,30.0
breast_w,GOSDT (reg path),7,25.2,30.0
breast_w,GOSDT (reg path),8,26.47142857142857,30.0
breast_w,GOSDT (reg path),9,26.32857142857143,30.0
breast_w,GOSDT (reg path),10,25.376811594202902,30.0
breast_w,Random Search,1,26.55714285714286,30.0
breast_w,Random Search,2,27.514285714285716,30.0
breast_w,Random Search,3,26.91428571428571,30.0
breast_w,Random Search,4,25.942857142857147,30.0
breast_w,Random Search,5,26.0,30.0
breast_w,Random Search,6,26.871428571428574,30.0
breast_w,Random Search,7,26.37142857142857,30.0
breast_w,Random Search,8,27.15714285714286,30.0
breast_w,Random Search,9,27.314285714285717,30.0
breast_w,Random Search,10,25.956521739130437,30.0
climate_crashes,CART (ccp path),1,21.62962962962963,24.0
climate_crashes,CART (ccp path),2,21.925925925925924,24.0
climate_crashes,CART (ccp path),3,21.296296296296298,24.0
climate_crashes,CART (ccp path),4,21.296296296296298,24.0
climate_crashes,CART (ccp path),5,21.555555555555554,24.0
climate_crashes,CART (ccp path),6,22.018518518518515,24.0
climate_crashes,CART (ccp path),7,21.074074074074076,24.0
climate_crashes,CART (ccp path),8,20.88888888888889,24.0
climate_crashes,CART (ccp path),9,21.14814814814815,24.0
climate_crashes,CART (ccp path),10,21.537037037037038,24.0
climate_crashes,GA (NSGA-II),1,21.296296296296298,24.0
climate_crashes,GA (NSGA-II),2,21.296296296296298,24.0
climate_crashes,GA (NSGA-II),3,21.296296296296298,24.0
climate_crashes,GA (NSGA-II),4,21.648148148148145,24.0
climate_crashes,GA (NSGA-II),5,20.87037037037037,24.0
climate_crashes,GA (NSGA-II),6,21.185185185185187,24.0
climate_crashes,GA (NSGA-II),7,20.87037037037037,24.0
climate_crashes,GA (NSGA-II),8,20.87037037037037,24.0
climate_crashes,GA (NSGA-II),9,20.87037037037037,24.0
climate_crashes,GA (NSGA-II),10,21.574074074074073,24.0
climate_crashes,"GA (NSGA-II, archived)",1,21.296296296296298,24.0
climate_crashes,"GA (NSGA-II, archived)",2,21.296296296296298,24.0
climate_crashes,"GA (NSGA-II, archived)",3,21.999999999999996,24.0
climate_crashes,"GA (NSGA-II, archived)",4,21.296296296296298,24.0
climate_crashes,"GA (NSGA-II, archived)",5,21.574074074074073,24.0
climate_crashes,"GA (NSGA-II, archived)",6,20.87037037037037,24.0
climate_crashes,"GA (NSGA-II, archived)",7,20.87037037037037,24.0
climate_crashes,"GA (NSGA-II, archived)",8,20.87037037037037,24.0
climate_crashes,"GA (NSGA-II, archived)",9,20.87037037037037,24.0
climate_crashes,"GA (NSGA-II, archived)",10,20.87037037037037,24.0
climate_crashes,GOSDT (reg path),1,21.574074074074073,24.0
climate_crashes,GOSDT (reg path),2,21.925925925925924,24.0
climate_crashes,GOSDT (reg path),3,21.462962962962962,24.0
climate_crashes,GOSDT (reg path),4,21.296296296296298,24.0
climate_crashes,GOSDT (reg path),5,21.425925925925924,24.0
climate_crashes,GOSDT (reg path),6,21.222222222222225,24.0
climate_crashes,GOSDT (reg path),7,21.11111111111111,24.0
climate_crashes,GOSDT (reg path),8,21.425925925925924,24.0
climate_crashes,GOSDT (reg path),9,21.62962962962963,24.0
climate_crashes,GOSDT (reg path),10,21.703703703703702,24.0
climate_crashes,Random Search,1,21.462962962962962,24.0
climate_crashes,Random Search,2,21.38888888888889,24.0
climate_crashes,Random Search,3,21.296296296296298,24.0
climate_crashes,Random Search,4,21.61111111111111,24.0
climate_crashes,Random Search,5,21.27777777777778,24.0
climate_crashes,Random Search,6,20.87037037037037,24.0
climate_crashes,Random Search,7,20.87037037037037,24.0
climate_crashes,Random Search,8,21.203703703703702,24.0
climate_crashes,Random Search,9,20.87037037037037,24.0
climate_crashes,Random Search,10,20.87037037037037,24.0
credit_approval,CART (ccp path),1,24.956521739130437,34.0
credit_approval,CART (ccp path),2,26.782608695652176,34.0
credit_approval,CART (ccp path),3,28.043478260869566,34.0
credit_approval,CART (ccp path),4,25.73913043478261,34.0
credit_approval,CART (ccp path),5,28.347826086956523,34.0
credit_approval,CART (ccp path),6,26.42028985507246,34.0
credit_approval,CART (ccp path),7,26.782608695652172,34.0
credit_approval,CART (ccp path),8,26.39130434782609,34.0
credit_approval,CART (ccp path),9,25.92753623188406,34.0
credit_approval,CART (ccp path),10,25.318840579710145,34.0
credit_approval,GA (NSGA-II),1,25.391304347826086,34.0
credit_approval,GA (NSGA-II),2,28.08695652173913,34.0
credit_approval,GA (NSGA-II),3,30.07246376811594,34.0
credit_approval,GA (NSGA-II),4,26.536231884057973,34.0
credit_approval,GA (NSGA-II),5,29.855072463768117,34.0
credit_approval,GA (NSGA-II),6,27.55072463768116,34.0
credit_approval,GA (NSGA-II),7,28.057971014492754,34.0
credit_approval,GA (NSGA-II),8,27.608695652173914,34.0
credit_approval,GA (NSGA-II),9,26.710144927536234,34.0
credit_approval,GA (NSGA-II),10,26.985507246376812,34.0
credit_approval,"GA (NSGA-II, archived)",1,25.811594202898547,34.0
credit_approval,"GA (NSGA-II, archived)",2,28.08695652173913,34.0
credit_approval,"GA (NSGA-II, archived)",3,28.985507246376812,34.0
credit_approval,"GA (NSGA-II, archived)",4,28.47826086956522,34.0
credit_approval,"GA (NSGA-II, archived)",5,29.855072463768117,34.0
credit_approval,"GA (NSGA-II, archived)",6,27.55072463768116,34.0
credit_approval,"GA (NSGA-II, archived)",7,28.057971014492754,34.0
credit_approval,"GA (NSGA-II, archived)",8,27.608695652173914,34.0
credit_approval,"GA (NSGA-II, archived)",9,27.130434782608695,34.0
credit_approval,"GA (NSGA-II, archived)",10,26.681159420289855,34.0
credit_approval,GOSDT (reg path),1,24.26086956521739,34.0
credit_approval,GOSDT (reg path),2,26.956521739130434,34.0
credit_approval,GOSDT (reg path),3,27.855072463768117,34.0
credit_approval,GOSDT (reg path),4,26.956521739130434,34.0
credit_approval,GOSDT (reg path),5,28.753623188405797,34.0
credit_approval,GOSDT (reg path),6,26.057971014492754,34.0
credit_approval,GOSDT (reg path),7,26.956521739130434,34.0
credit_approval,GOSDT (reg path),8,26.507246376811594,34.0
credit_approval,GOSDT (reg path),9,25.608695652173914,34.0
credit_approval,GOSDT (reg path),10,25.159420289855074,34.0
credit_approval,Random Search,1,25.391304347826086,34.0
credit_approval,Random Search,2,28.08695652173913,34.0
credit_approval,Random Search,3,28.985507246376812,34.0
credit_approval,Random Search,4,28.057971014492754,34.0
credit_approval,Random Search,5,29.855072463768117,34.0
credit_approval,Random Search,6,27.71014492753623,34.0
credit_approval,Random Search,7,28.057971014492754,34.0
credit_approval,Random Search,8,27.797101449275363,34.0
credit_approval,Random Search,9,26.710144927536234,34.0
credit_approval,Random Search,10,26.260869565217394,34.0
credit_g,CART (ccp path),1,81.63,116.0
credit_g,CART (ccp path),2,80.5,116.0
credit_g,CART (ccp path),3,86.77000000000001,116.0
credit_g,CART (ccp path),4,90.36000000000001,116.0
credit_g,CART (ccp path),5,83.56,116.0
credit_g,CART (ccp path),6,87.43,116.0
credit_g,CART (ccp path),7,86.68,116.0
credit_g,CART (ccp path),8,84.38000000000001,116.0
credit_g,CART (ccp path),9,84.25999999999999,116.0
credit_g,CART (ccp path),10,86.34000000000002,116.0
credit_g,GA (NSGA-II),1,89.38000000000001,116.0
credit_g,GA (NSGA-II),2,82.68,116.0
credit_g,GA (NSGA-II),3,85.02000000000001,116.0
credit_g,GA (NSGA-II),4,80.5,116.0
credit_g,GA (NSGA-II),5,81.63,116.0
credit_g,GA (NSGA-II),6,80.5,116.0
credit_g,GA (NSGA-II),7,80.5,116.0
credit_g,GA (NSGA-II),8,81.61,116.0
credit_g,GA (NSGA-II),9,81.59,116.0
credit_g,GA (NSGA-II),10,82.76,116.0
credit_g,"GA (NSGA-II, archived)",1,82.72,116.0
credit_g,"GA (NSGA-II, archived)",2,80.5,116.0
credit_g,"GA (NSGA-II, archived)",3,83.71000000000001,116.0
credit_g,"GA (NSGA-II, archived)",4,80.5,116.0
credit_g,"GA (NSGA-II, archived)",5,85.99,116.0
credit_g,"GA (NSGA-II, archived)",6,86.09,116.0
credit_g,"GA (NSGA-II, archived)",7,82.72,116.0
credit_g,"GA (NSGA-II, archived)",8,82.68,116.0
credit_g,"GA (NSGA-II, archived)",9,80.5,116.0
credit_g,"GA (NSGA-II, archived)",10,84.86,116.0
credit_g,GOSDT (reg path),1,80.5,116.0
credit_g,GOSDT (reg path),2,80.5,116.0
credit_g,GOSDT (reg path),3,83.83,116.0
credit_g,GOSDT (reg path),4,83.83,116.0
credit_g,GOSDT (reg path),5,83.83,116.0
credit_g,GOSDT (reg path),6,84.94,116.0
credit_g,GOSDT (reg path),7,88.38000000000001,116.0
credit_g,GOSDT (reg path),8,87.97000000000001,116.0
credit_g,GOSDT (reg path),9,84.68,116.0
credit_g,GOSDT (reg path),10,86.68,116.0
credit_g,Random Search,1,86.92,116.0
credit_g,Random Search,2,81.47,116.0
credit_g,Random Search,3,85.83,116.0
credit_g,Random Search,4,80.5,116.0
credit_g,Random Search,5,84.68,116.0
credit_g,Random Search,6,85.65,116.0
credit_g,Random Search,7,82.24,116.0
credit_g,Random Search,8,82.04,116.0
credit_g,Random Search,9,84.86,116.0
credit_g,Random Search,10,81.57000000000001,116.0
diabetes_pima,CART (ccp path),1,51.02597402597403,72.0
diabetes_pima,CART (ccp path),2,48.48051948051948,72.0
diabetes_pima,CART (ccp path),3,51.64935064935065,72.0
diabetes_pima,CART (ccp path),4,54.909090909090914,72.0
diabetes_pima,CART (ccp path),5,50.44155844155845,72.0
diabetes_pima,CART (ccp path),6,49.41558441558442,72.0
diabetes_pima,CART (ccp path),7,52.24675324675325,72.0
diabetes_pima,CART (ccp path),8,52.58441558441559,72.0
diabetes_pima,CART (ccp path),9,57.94736842105263,72.0
diabetes_pima,CART (ccp path),10,48.59210526315789,72.0
diabetes_pima,GA (NSGA-II),1,49.63636363636363,72.0
diabetes_pima,GA (NSGA-II),2,51.45454545454546,72.0
diabetes_pima,GA (NSGA-II),3,55.961038961038966,72.0
diabetes_pima,GA (NSGA-II),4,52.37662337662338,72.0
diabetes_pima,GA (NSGA-II),5,52.909090909090914,72.0
diabetes_pima,GA (NSGA-II),6,54.116883116883116,72.0
diabetes_pima,GA (NSGA-II),7,56.70129870129871,72.0
diabetes_pima,GA (NSGA-II),8,54.09090909090909,72.0
diabetes_pima,GA (NSGA-II),9,58.486842105263165,72.0
diabetes_pima,GA (NSGA-II),10,48.47368421052632,72.0
diabetes_pima,"GA (NSGA-II, archived)",1,51.2987012987013,72.0
diabetes_pima,"GA (NSGA-II, archived)",2,49.68831168831169,72.0
diabetes_pima,"GA (NSGA-II, archived)",3,58.57142857142858,72.0
diabetes_pima,"GA (NSGA-II, archived)",4,53.23376623376624,72.0
diabetes_pima,"GA (NSGA-II, archived)",5,50.58441558441559,72.0
diabetes_pima,"GA (NSGA-II, archived)",6,54.01298701298702,72.0
diabetes_pima,"GA (NSGA-II, archived)",7,53.98701298701299,72.0
diabetes_pima,"GA (NSGA-II, archived)",8,54.168831168831176,72.0
diabetes_pima,"GA (NSGA-II, archived)",9,57.60526315789474,72.0
diabetes_pima,"GA (NSGA-II, archived)",10,50.21052631578947,72.0
diabetes_pima,GOSDT (reg path),1,51.37662337662338,72.0
diabetes_pima,GOSDT (reg path),2,50.558441558441565,72.0
diabetes_pima,GOSDT (reg path),3,59.467532467532465,72.0
diabetes_pima,GOSDT (reg path),4,54.88311688311689,72.0
diabetes_pima,GOSDT (reg path),5,52.27272727272727,72.0
diabetes_pima,GOSDT (reg path),6,55.88311688311689,72.0
diabetes_pima,GOSDT (reg path),7,54.142857142857146,72.0
diabetes_pima,GOSDT (reg path),8,55.72727272727273,72.0
diabetes_pima,GOSDT (reg path),9,58.434210526315795,72.0
diabetes_pima,GOSDT (reg path),10,52.90789473684211,72.0
diabetes_pima,Random Search,1,49.64935064935065,72.0
diabetes_pima,Random Search,2,52.1948051948052,72.0
diabetes_pima,Random Search,3,56.753246753246756,72.0
diabetes_pima,Random Search,4,53.22077922077922,72.0
diabetes_pima,Random Search,5,51.27272727272727,72.0
diabetes_pima,Random Search,6,54.54545454545455,72.0
diabetes_pima,Random Search,7,54.168831168831176,72.0
diabetes_pima,Random Search,8,54.168831168831176,72.0
diabetes_pima,Random Search,9,57.60526315789474,72.0
diabetes_pima,Random Search,10,50.3421052631579,72.0
dresses_sales,CART (ccp path),1,78.32000000000001,126.0
dresses_sales,CART (ccp path),2,79.78,126.0
dresses_sales,CART (ccp path),3,72.5,126.0
dresses_sales,CART (ccp path),4,73.0,126.0
dresses_sales,CART (ccp path),5,74.84,126.0
dresses_sales,CART (ccp path),6,72.5,126.0
dresses_sales,CART (ccp path),7,72.64,126.0
dresses_sales,CART (ccp path),8,76.22,126.0
dresses_sales,CART (ccp path),9,73.7,126.0
dresses_sales,CART (ccp path),10,81.38000000000001,126.0
dresses_sales,GA (NSGA-II),1,79.84,126.0
dresses_sales,GA (NSGA-II),2,74.96000000000001,126.0
dresses_sales,GA (NSGA-II),3,87.14,126.0
dresses_sales,GA (NSGA-II),4,77.30000000000001,126.0
dresses_sales,GA (NSGA-II),5,77.34,126.0
dresses_sales,GA (NSGA-II),6,79.80000000000001,126.0
dresses_sales,GA (NSGA-II),7,74.96000000000001,126.0
dresses_sales,GA (NSGA-II),8,82.34,126.0
dresses_sales,GA (NSGA-II),9,77.34,126.0
dresses_sales,GA (NSGA-II),10,86.94,126.0
dresses_sales,"GA (NSGA-II, archived)",1,74.8,126.0
dresses_sales,"GA (NSGA-II, archived)",2,77.42,126.0
dresses_sales,"GA (NSGA-II, archived)",3,82.30000000000001,126.0
dresses_sales,"GA (NSGA-II, archived)",4,72.5,126.0
dresses_sales,"GA (NSGA-II, archived)",5,72.5,126.0
dresses_sales,"GA (NSGA-II, archived)",6,74.96000000000001,126.0
dresses_sales,"GA (NSGA-II, archived)",7,77.42,126.0
dresses_sales,"GA (NSGA-II, archived)",8,77.34,126.0
dresses_sales,"GA (NSGA-II, archived)",9,82.10000000000001,126.0
dresses_sales,"GA (NSGA-II, archived)",10,84.48,126.0
dresses_sales,GOSDT (reg path),1,72.5,126.0
dresses_sales,GOSDT (reg path),2,74.92,126.0
dresses_sales,GOSDT (reg path),3,81.66000000000001,126.0
dresses_sales,GOSDT (reg path),4,72.5,126.0
dresses_sales,GOSDT (reg path),5,74.92,126.0
dresses_sales,GOSDT (reg path),6,72.5,126.0
dresses_sales,GOSDT (reg path),7,72.5,126.0
dresses_sales,GOSDT (reg path),8,82.18,126.0
dresses_sales,GOSDT (reg path),9,74.96000000000001,126.0
dresses_sales,GOSDT (reg path),10,79.76,126.0
dresses_sales,Random Search,1,77.42,126.0
dresses_sales,Random Search,2,79.2,126.0
dresses_sales,Random Search,3,87.14,126.0
dresses_sales,Random Search,4,79.16000000000001,126.0
dresses_sales,Random Search,5,72.5,126.0
dresses_sales,Random Search,6,76.7,126.0
dresses_sales,Random Search,7,74.96000000000001,126.0
dresses_sales,Random Search,8,74.92,126.0
dresses_sales,Random Search,9,78.76,126.0
dresses_sales,Random Search,10,89.62,126.0
eucalyptus,CART (ccp path),1,82.85135135135135,140.0
eucalyptus,CART (ccp path),2,76.4189189189189,140.0
eucalyptus,CART (ccp path),3,96.14864864864866,140.0
eucalyptus,CART (ccp path),4,83.5945945945946,140.0
eucalyptus,CART (ccp path),5,82.87837837837839,140.0
eucalyptus,CART (ccp path),6,88.0135135135135,140.0
eucalyptus,CART (ccp path),7,73.2054794520548,140.0
eucalyptus,CART (ccp path),8,88.76712328767124,140.0
eucalyptus,CART (ccp path),9,97.79452054794521,140.0
eucalyptus,CART (ccp path),10,81.98630136986301,140.0
eucalyptus,GA (NSGA-II),1,74.48648648648648,140.0
eucalyptus,GA (NSGA-II),2,72.52702702702702,140.0
eucalyptus,GA (NSGA-II),3,70.13513513513513,140.0
eucalyptus,GA (NSGA-II),4,82.87837837837839,140.0
eucalyptus,GA (NSGA-II),5,68.87837837837837,140.0
eucalyptus,GA (NSGA-II),6,83.81081081081082,140.0
eucalyptus,GA (NSGA-II),7,71.58904109589041,140.0
eucalyptus,GA (NSGA-II),8,69.87671232876713,140.0
eucalyptus,GA (NSGA-II),9,71.53424657534246,140.0
eucalyptus,GA (NSGA-II),10,69.57534246575344,140.0
eucalyptus,"GA (NSGA-II, archived)",1,76.17567567567568,140.0
eucalyptus,"GA (NSGA-II, archived)",2,77.64864864864863,140.0
eucalyptus,"GA (NSGA-II, archived)",3,79.82432432432432,140.0
eucalyptus,"GA (NSGA-II, archived)",4,73.16216216216218,140.0
eucalyptus,"GA (NSGA-II, archived)",5,68.9054054054054,140.0
eucalyptus,"GA (NSGA-II, archived)",6,72.0945945945946,140.0
eucalyptus,"GA (NSGA-II, archived)",7,67.78082191780823,140.0
eucalyptus,"GA (NSGA-II, archived)",8,56.71232876712329,140.0
eucalyptus,"GA (NSGA-II, archived)",9,78.41095890410959,140.0
eucalyptus,"GA (NSGA-II, archived)",10,69.76712328767124,140.0
eucalyptus,GOSDT (reg path),1,69.67567567567568,140.0
eucalyptus,GOSDT (reg path),2,71.79729729729729,140.0
eucalyptus,GOSDT (reg path),3,76.75675675675674,140.0
eucalyptus,GOSDT (reg path),4,66.8918918918919,140.0
eucalyptus,GOSDT (reg path),5,76.7027027027027,140.0
eucalyptus,GOSDT (reg path),6,63.432432432432435,140.0
eucalyptus,GOSDT (reg path),7,67.31506849315069,140.0
eucalyptus,GOSDT (reg path),8,67.39726027397259,140.0
eucalyptus,GOSDT (reg path),9,79.54794520547946,140.0
eucalyptus,GOSDT (reg path),10,73.21917808219179,140.0
eucalyptus,Random Search,1,72.02702702702703,140.0
eucalyptus,Random Search,2,66.48648648648648,140.0
eucalyptus,Random Search,3,72.89189189189189,140.0
eucalyptus,Random Search,4,70.45945945945947,140.0
eucalyptus,Random Search,5,69.59459459459458,140.0
eucalyptus,Random Search,6,75.60810810810811,140.0
eucalyptus,Random Search,7,69.93150684931507,140.0
eucalyptus,Random Search,8,69.58904109589041,140.0
eucalyptus,Random Search,9,66.93150684931507,140.0
eucalyptus,Random Search,10,63.28767123287672,140.0
ilpd,CART (ccp path),1,58.91525423728813,82.0
ilpd,CART (ccp path),2,57.66101694915254,82.0
ilpd,CART (ccp path),3,57.66101694915254,82.0
ilpd,CART (ccp path),4,58.6551724137931,82.0
ilpd,CART (ccp path),5,58.6551724137931,82.0
ilpd,CART (ccp path),6,58.672413793103445,82.0
ilpd,CART (ccp path),7,57.25862068965517,82.0
ilpd,CART (ccp path),8,57.25862068965517,82.0
ilpd,CART (ccp path),9,57.25862068965517,82.0
ilpd,CART (ccp path),10,58.275862068965516,82.0
ilpd,GA (NSGA-II),1,57.66101694915254,82.0
ilpd,GA (NSGA-II),2,61.57627118644067,82.0
ilpd,GA (NSGA-II),3,58.966101694915245,82.0
ilpd,GA (NSGA-II),4,58.6551724137931,82.0
ilpd,GA (NSGA-II),5,61.241379310344826,82.0
ilpd,GA (NSGA-II),6,60.01724137931035,82.0
ilpd,GA (NSGA-II),7,58.58620689655172,82.0
ilpd,GA (NSGA-II),8,61.068965517241374,82.0
ilpd,GA (NSGA-II),9,57.25862068965517,82.0
ilpd,GA (NSGA-II),10,59.98275862068966,82.0
ilpd,"GA (NSGA-II, archived)",1,58.99999999999999,82.0
ilpd,"GA (NSGA-II, archived)",2,57.66101694915254,82.0
ilpd,"GA (NSGA-II, archived)",3,58.99999999999999,82.0
ilpd,"GA (NSGA-II, archived)",4,58.6551724137931,82.0
ilpd,"GA (NSGA-II, archived)",5,61.37931034482758,82.0
ilpd,"GA (NSGA-II, archived)",6,65.12068965517241,82.0
ilpd,"GA (NSGA-II, archived)",7,58.58620689655172,82.0
ilpd,"GA (NSGA-II, archived)",8,58.55172413793103,82.0
ilpd,"GA (NSGA-II, archived)",9,57.25862068965517,82.0
ilpd,"GA (NSGA-II, archived)",10,57.25862068965517,82.0
ilpd,GOSDT (reg path),1,57.66101694915254,82.0
ilpd,GOSDT (reg path),2,57.66101694915254,82.0
ilpd,GOSDT (reg path),3,57.66101694915254,82.0
ilpd,GOSDT (reg path),4,59.74137931034483,82.0
ilpd,GOSDT (reg path),5,61.241379310344826,82.0
ilpd,GOSDT (reg path),6,58.6551724137931,82.0
ilpd,GOSDT (reg path),7,57.25862068965517,82.0
ilpd,GOSDT (reg path),8,57.25862068965517,82.0
ilpd,GOSDT (reg path),9,57.25862068965517,82.0
ilpd,GOSDT (reg path),10,57.25862068965517,82.0
ilpd,Random Search,1,57.66101694915254,82.0
ilpd,Random Search,2,58.89830508474576,82.0
ilpd,Random Search,3,58.99999999999999,82.0
ilpd,Random Search,4,58.6551724137931,82.0
ilpd,Random Search,5,58.6551724137931,82.0
ilpd,Random Search,6,61.206896551724135,82.0
ilpd,Random Search,7,57.25862068965517,82.0
ilpd,Random Search,8,59.91379310344828,82.0
ilpd,Random Search,9,59.36206896551724,82.0
ilpd,Random Search,10,57.25862068965517,82.0
kc2,CART (ccp path),1,43.679245283018865,52.0
kc2,CART (ccp path),2,42.11320754716981,52.0
kc2,CART (ccp path),3,44.94230769230769,52.0
kc2,CART (ccp path),4,42.92307692307692,52.0
kc2,CART (ccp path),5,42.05769230769231,52.0
kc2,CART (ccp path),6,42.730769230769226,52.0
kc2,CART (ccp path),7,44.53846153846153,52.0
kc2,CART (ccp path),8,42.730769230769226,52.0
kc2,CART (ccp path),9,42.80769230769231,52.0
kc2,CART (ccp path),10,43.28846153846153,52.0
kc2,GA (NSGA-II),1,42.264150943396224,52.0
kc2,GA (NSGA-II),2,45.0377358490566,52.0
kc2,GA (NSGA-II),3,46.73076923076924,52.0
kc2,GA (NSGA-II),4,43.0,52.0
kc2,GA (NSGA-II),5,43.07692307692308,52.0
kc2,GA (NSGA-II),6,43.03846153846154,52.0
kc2,GA (NSGA-II),7,43.98076923076923,52.0
kc2,GA (NSGA-II),8,43.98076923076923,52.0
kc2,GA (NSGA-II),9,42.09615384615384,52.0
kc2,GA (NSGA-II),10,41.15384615384615,52.0
kc2,"GA (NSGA-II, archived)",1,44.11320754716981,52.0
kc2,"GA (NSGA-II, archived)",2,43.886792452830186,52.0
kc2,"GA (NSGA-II, archived)",3,45.90384615384616,52.0
kc2,"GA (NSGA-II, archived)",4,43.07692307692308,52.0
kc2,"GA (NSGA-II, archived)",5,41.19230769230769,52.0
kc2,"GA (NSGA-II, archived)",6,43.03846153846154,52.0
kc2,"GA (NSGA-II, archived)",7,41.15384615384615,52.0
kc2,"GA (NSGA-II, archived)",8,42.05769230769231,52.0
kc2,"GA (NSGA-II, archived)",9,44.8076923076923,52.0
kc2,"GA (NSGA-II, archived)",10,42.01923076923077,52.0
kc2,GOSDT (reg path),1,43.0,52.0
kc2,GOSDT (reg path),2,45.0377358490566,52.0
kc2,GOSDT (reg path),3,46.73076923076924,52.0
kc2,GOSDT (reg path),4,43.90384615384616,52.0
kc2,GOSDT (reg path),5,41.19230769230769,52.0
kc2,GOSDT (reg path),6,43.82692307692308,52.0
kc2,GOSDT (reg path),7,43.98076923076923,52.0
kc2,GOSDT (reg path),8,42.09615384615384,52.0
kc2,GOSDT (reg path),9,42.09615384615384,52.0
kc2,GOSDT (reg path),10,43.98076923076923,52.0
kc2,Random Search,1,42.264150943396224,52.0
kc2,Random Search,2,45.0377358490566,52.0
kc2,Random Search,3,44.019230769230774,52.0
kc2,Random Search,4,42.09615384615385,52.0
kc2,Random Search,5,43.07692307692308,52.0
kc2,Random Search,6,41.15384615384615,52.0
kc2,Random Search,7,43.98076923076923,52.0
kc2,Random Search,8,41.63461538461538,52.0
kc2,Random Search,9,44.192307692307686,52.0
kc2,Random Search,10,42.09615384615384,52.0
pc1,CART (ccp path),1,52.05405405405406,56.0
pc1,CART (ccp path),2,51.954954954954964,56.0
pc1,CART (ccp path),3,51.342342342342334,56.0
pc1,CART (ccp path),4,52.27927927927928,56.0
pc1,CART (ccp path),5,52.65765765765766,56.0
pc1,CART (ccp path),6,51.423423423423415,56.0
pc1,CART (ccp path),7,51.423423423423415,56.0
pc1,CART (ccp path),8,51.03603603603604,56.0
pc1,CART (ccp path),9,51.03603603603604,56.0
pc1,CART (ccp path),10,52.61818181818182,56.0
pc1,GA (NSGA-II),1,51.53153153153153,56.0
pc1,GA (NSGA-II),2,51.53153153153153,56.0
pc1,GA (NSGA-II),3,51.03603603603604,56.0
pc1,GA (NSGA-II),4,51.49549549549549,56.0
pc1,GA (NSGA-II),5,51.990990990990994,56.0
pc1,GA (NSGA-II),6,51.03603603603604,56.0
pc1,GA (NSGA-II),7,51.5135135135135,56.0
pc1,GA (NSGA-II),8,51.03603603603604,56.0
pc1,GA (NSGA-II),9,51.5135135135135,56.0
pc1,GA (NSGA-II),10,51.98181818181818,56.0
pc1,"GA (NSGA-II, archived)",1,51.53153153153153,56.0
pc1,"GA (NSGA-II, archived)",2,51.53153153153153,56.0
pc1,"GA (NSGA-II, archived)",3,51.03603603603604,56.0
pc1,"GA (NSGA-II, archived)",4,51.03603603603604,56.0
pc1,"GA (NSGA-II, archived)",5,51.95495495495496,56.0
pc1,"GA (NSGA-II, archived)",6,51.03603603603604,56.0
pc1,"GA (NSGA-II, archived)",7,51.03603603603604,56.0
pc1,"GA (NSGA-II, archived)",8,51.03603603603604,56.0
pc1,"GA (NSGA-II, archived)",9,51.03603603603604,56.0
pc1,"GA (NSGA-II, archived)",10,51.98181818181818,56.0
pc1,GOSDT (reg path),1,51.53153153153153,56.0
pc1,GOSDT (reg path),2,52.48648648648649,56.0
pc1,GOSDT (reg path),3,51.03603603603604,56.0
pc1,GOSDT (reg path),4,51.5135135135135,56.0
pc1,GOSDT (reg path),5,51.91891891891892,56.0
pc1,GOSDT (reg path),6,51.03603603603604,56.0
pc1,GOSDT (reg path),7,51.03603603603604,56.0
pc1,GOSDT (reg path),8,51.03603603603604,56.0
pc1,GOSDT (reg path),9,51.47747747747747,56.0
pc1,GOSDT (reg path),10,52.85454545454545,56.0
pc1,Random Search,1,51.86486486486487,56.0
pc1,Random Search,2,52.00900900900902,56.0
pc1,Random Search,3,51.03603603603604,56.0
pc1,Random Search,4,51.16216216216216,56.0
pc1,Random Search,5,52.945945945945944,56.0
pc1,Random Search,6,51.03603603603604,56.0
pc1,Random Search,7,51.03603603603604,56.0
pc1,Random Search,8,51.03603603603604,56.0
pc1,Random Search,9,51.03603603603604,56.0
pc1,Random Search,10,51.98181818181818,56.0
pc4,CART (ccp path),1,80.24657534246575,90.0
pc4,CART (ccp path),2,80.8013698630137,90.0
pc4,CART (ccp path),3,81.27397260273973,90.0
pc4,CART (ccp path),4,80.69863013698631,90.0
pc4,CART (ccp path),5,79.69178082191782,90.0
pc4,CART (ccp path),6,81.48630136986303,90.0
pc4,CART (ccp path),7,81.61643835616438,90.0
pc4,CART (ccp path),8,79.10958904109589,90.0
pc4,CART (ccp path),9,80.71724137931034,90.0
pc4,CART (ccp path),10,80.2,90.0
pc4,GA (NSGA-II),1,80.36986301369862,90.0
pc4,GA (NSGA-II),2,80.41095890410959,90.0
pc4,GA (NSGA-II),3,80.36986301369862,90.0
pc4,GA (NSGA-II),4,79.20547945205479,90.0
pc4,GA (NSGA-II),5,79.19178082191782,90.0
pc4,GA (NSGA-II),6,79.78767123287672,90.0
pc4,GA (NSGA-II),7,79.81506849315069,90.0
pc4,GA (NSGA-II),8,78.02739726027397,90.0
pc4,GA (NSGA-II),9,79.75172413793103,90.0
pc4,GA (NSGA-II),10,79.76551724137931,90.0
pc4,"GA (NSGA-II, archived)",1,78.60958904109589,90.0
pc4,"GA (NSGA-II, archived)",2,80.41095890410959,90.0
pc4,"GA (NSGA-II, archived)",3,81.6027397260274,90.0
pc4,"GA (NSGA-II, archived)",4,78.60958904109589,90.0
pc4,"GA (NSGA-II, archived)",5,79.8013698630137,90.0
pc4,"GA (NSGA-II, archived)",6,79.81506849315069,90.0
pc4,"GA (NSGA-II, archived)",7,80.96575342465754,90.0
pc4,"GA (NSGA-II, archived)",8,79.76027397260273,90.0
pc4,"GA (NSGA-II, archived)",9,79.75172413793103,90.0
pc4,"GA (NSGA-II, archived)",10,80.35172413793104,90.0
pc4,GOSDT (reg path),1,80.36986301369862,90.0
pc4,GOSDT (reg path),2,81.0068493150685,90.0
pc4,GOSDT (reg path),3,81.6027397260274,90.0
pc4,GOSDT (reg path),4,79.81506849315069,90.0
pc4,GOSDT (reg path),5,79.77397260273973,90.0
pc4,GOSDT (reg path),6,80.41095890410959,90.0
pc4,GOSDT (reg path),7,80.3972602739726,90.0
pc4,GOSDT (reg path),8,78.62328767123287,90.0
pc4,GOSDT (reg path),9,80.84137931034482,90.0
pc4,GOSDT (reg path),10,80.3103448275862,90.0
pc4,Random Search,1,79.02739726027397,90.0
pc4,Random Search,2,80.27397260273973,90.0
pc4,Random Search,3,80.97945205479452,90.0
pc4,Random Search,4,80.28767123287672,90.0
pc4,Random Search,5,79.21917808219179,90.0
pc4,Random Search,6,80.76027397260275,90.0
pc4,Random Search,7,79.81506849315069,90.0
pc4,Random Search,8,79.21917808219179,90.0
pc4,Random Search,9,80.07586206896552,90.0
pc4,Random Search,10,80.32413793103449,90.0
tic_tac_toe,CART (ccp path),1,142.71875,174.0
tic_tac_toe,CART (ccp path),2,142.41666666666666,174.0
tic_tac_toe,CART (ccp path),3,146.33333333333331,174.0
tic_tac_toe,CART (ccp path),4,140.51041666666669,174.0
tic_tac_toe,CART (ccp path),5,138.67708333333331,174.0
tic_tac_toe,CART (ccp path),6,144.35416666666669,174.0
tic_tac_toe,CART (ccp path),7,138.36458333333334,174.0
tic_tac_toe,CART (ccp path),8,143.78125,174.0
tic_tac_toe,CART (ccp path),9,141.2421052631579,174.0
tic_tac_toe,CART (ccp path),10,148.90526315789475,174.0
tic_tac_toe,GA (NSGA-II),1,135.79166666666669,174.0
tic_tac_toe,GA (NSGA-II),2,130.67708333333334,174.0
tic_tac_toe,GA (NSGA-II),3,127.55208333333334,174.0
tic_tac_toe,GA (NSGA-II),4,125.75,174.0
tic_tac_toe,GA (NSGA-II),5,132.375,174.0
tic_tac_toe,GA (NSGA-II),6,127.57291666666667,174.0
tic_tac_toe,GA (NSGA-II),7,127.23958333333333,174.0
tic_tac_toe,GA (NSGA-II),8,129.08333333333334,174.0
tic_tac_toe,GA (NSGA-II),9,126.92631578947368,174.0
tic_tac_toe,GA (NSGA-II),10,131.42105263157896,174.0
tic_tac_toe,"GA (NSGA-II, archived)",1,123.90625,174.0
tic_tac_toe,"GA (NSGA-II, archived)",2,124.05208333333333,174.0
tic_tac_toe,"GA (NSGA-II, archived)",3,127.53125,174.0
tic_tac_toe,"GA (NSGA-II, archived)",4,132.6875,174.0
tic_tac_toe,"GA (NSGA-II, archived)",5,132.39583333333334,174.0
tic_tac_toe,"GA (NSGA-II, archived)",6,145.93749999999997,174.0
tic_tac_toe,"GA (NSGA-II, archived)",7,116.96875,174.0
tic_tac_toe,"GA (NSGA-II, archived)",8,118.77083333333333,174.0
tic_tac_toe,"GA (NSGA-II, archived)",9,119.83157894736843,174.0
tic_tac_toe,"GA (NSGA-II, archived)",10,137.34736842105264,174.0
tic_tac_toe,GOSDT (reg path),1,132.33333333333334,174.0
tic_tac_toe,GOSDT (reg path),2,142.47916666666666,174.0
tic_tac_toe,GOSDT (reg path),3,147.65625,174.0
tic_tac_toe,GOSDT (reg path),4,125.70833333333333,174.0
tic_tac_toe,GOSDT (reg path),5,137.34375,174.0
tic_tac_toe,GOSDT (reg path),6,145.95833333333334,174.0
tic_tac_toe,GOSDT (reg path),7,132.10416666666669,174.0
tic_tac_toe,GOSDT (reg path),8,142.5,174.0
tic_tac_toe,GOSDT (reg path),9,140.4,174.0
tic_tac_toe,GOSDT (reg path),10,145.71578947368423,174.0
tic_tac_toe,Random Search,1,125.08333333333333,174.0
tic_tac_toe,Random Search,2,117.01041666666667,174.0
tic_tac_toe,Random Search,3,132.66666666666669,174.0
tic_tac_toe,Random Search,4,139.39583333333334,174.0
tic_tac_toe,Random Search,5,127.61458333333334,174.0
tic_tac_toe,Random Search,6,137.05208333333334,174.0
tic_tac_toe,Random Search,7,121.95833333333333,174.0
tic_tac_toe,Random Search,8,130.44791666666663,174.0
tic_tac_toe,Random Search,9,135.3578947368421,174.0
tic_tac_toe,Random Search,10,129.9578947368421,174.0
vehicle,CART (ccp path),1,87.47058823529412,138.0
vehicle,CART (ccp path),2,90.98823529411764,138.0
vehicle,CART (ccp path),3,93.91764705882355,138.0
vehicle,CART (ccp path),4,89.69411764705883,138.0
vehicle,CART (ccp path),5,86.10588235294117,138.0
vehicle,CART (ccp path),6,97.96470588235294,138.0
vehicle,CART (ccp path),7,95.22619047619047,138.0
vehicle,CART (ccp path),8,88.85714285714285,138.0
vehicle,CART (ccp path),9,90.82142857142856,138.0
vehicle,CART (ccp path),10,90.97619047619048,138.0
vehicle,GA (NSGA-II),1,80.74117647058823,138.0
vehicle,GA (NSGA-II),2,92.83529411764704,138.0
vehicle,GA (NSGA-II),3,86.83529411764705,138.0
vehicle,GA (NSGA-II),4,85.58823529411764,138.0
vehicle,GA (NSGA-II),5,65.07058823529411,138.0
vehicle,GA (NSGA-II),6,86.71764705882353,138.0
vehicle,GA (NSGA-II),7,76.85714285714286,138.0
vehicle,GA (NSGA-II),8,81.48809523809523,138.0
vehicle,GA (NSGA-II),9,83.28571428571429,138.0
vehicle,GA (NSGA-II),10,96.67857142857142,138.0
vehicle,"GA (NSGA-II, archived)",1,83.75294117647059,138.0
vehicle,"GA (NSGA-II, archived)",2,77.42352941176469,138.0
vehicle,"GA (NSGA-II, archived)",3,74.48235294117647,138.0
vehicle,"GA (NSGA-II, archived)",4,77.4,138.0
vehicle,"GA (NSGA-II, archived)",5,82.32941176470588,138.0
vehicle,"GA (NSGA-II, archived)",6,77.56470588235294,138.0
vehicle,"GA (NSGA-II, archived)",7,85.03571428571426,138.0
vehicle,"GA (NSGA-II, archived)",8,82.9047619047619,138.0
vehicle,"GA (NSGA-II, archived)",9,90.82142857142857,138.0
vehicle,"GA (NSGA-II, archived)",10,83.28571428571428,138.0
vehicle,GOSDT (reg path),1,72.4235294117647,138.0
vehicle,GOSDT (reg path),2,79.87058823529411,138.0
vehicle,GOSDT (reg path),3,86.8235294117647,138.0
vehicle,GOSDT (reg path),4,86.43529411764706,138.0
vehicle,GOSDT (reg path),5,73.21176470588236,138.0
vehicle,GOSDT (reg path),6,84.58823529411765,138.0
vehicle,GOSDT (reg path),7,92.63095238095237,138.0
vehicle,GOSDT (reg path),8,77.83333333333333,138.0
vehicle,GOSDT (reg path),9,95.98809523809524,138.0
vehicle,GOSDT (reg path),10,82.9047619047619,138.0
vehicle,Random Search,1,79.65882352941175,138.0
vehicle,Random Search,2,78.7764705882353,138.0
vehicle,Random Search,3,73.88235294117646,138.0
vehicle,Random Search,4,80.71764705882353,138.0
vehicle,Random Search,5,75.27058823529411,138.0
vehicle,Random Search,6,83.82352941176472,138.0
vehicle,Random Search,7,89.59523809523809,138.0
vehicle,Random Search,8,80.03571428571429,138.0
vehicle,Random Search,9,72.76190476190476,138.0
vehicle,Random Search,10,76.96428571428571,138.0
vowel,CART (ccp path),1,126.26262626262626,188.0
vowel,CART (ccp path),2,112.80808080808082,188.0
vowel,CART (ccp path),3,116.24242424242424,188.0
vowel,CART (ccp path),4,114.68686868686869,188.0
vowel,CART (ccp path),5,121.37373737373738,188.0
vowel,CART (ccp path),6,111.84848484848484,188.0
vowel,CART (ccp path),7,116.18181818181817,188.0
vowel,CART (ccp path),8,114.74747474747475,188.0
vowel,CART (ccp path),9,106.8888888888889,188.0
vowel,CART (ccp path),10,122.56565656565658,188.0
vowel,GA (NSGA-II),1,76.86868686868686,188.0
vowel,GA (NSGA-II),2,64.83838383838383,188.0
vowel,GA (NSGA-II),3,69.87878787878788,188.0
vowel,GA (NSGA-II),4,73.29292929292929,188.0
vowel,GA (NSGA-II),5,63.17171717171717,188.0
vowel,GA (NSGA-II),6,62.42424242424242,188.0
vowel,GA (NSGA-II),7,68.43434343434342,188.0
vowel,GA (NSGA-II),8,68.0909090909091,188.0
vowel,GA (NSGA-II),9,60.35353535353534,188.0
vowel,GA (NSGA-II),10,75.08080808080807,188.0
vowel,"GA (NSGA-II, archived)",1,61.080808080808076,188.0
vowel,"GA (NSGA-II, archived)",2,63.7070707070707,188.0
vowel,"GA (NSGA-II, archived)",3,87.77777777777776,188.0
vowel,"GA (NSGA-II, archived)",4,64.73737373737373,188.0
vowel,"GA (NSGA-II, archived)",5,64.1111111111111,188.0
vowel,"GA (NSGA-II, archived)",6,59.31313131313131,188.0
vowel,"GA (NSGA-II, archived)",7,78.6060606060606,188.0
vowel,"GA (NSGA-II, archived)",8,64.75757575757575,188.0
vowel,"GA (NSGA-II, archived)",9,71.5050505050505,188.0
vowel,"GA (NSGA-II, archived)",10,74.6161616161616,188.0
vowel,GOSDT (reg path),1,78.23232323232322,188.0
vowel,GOSDT (reg path),2,76.25252525252526,188.0
vowel,GOSDT (reg path),3,63.12121212121211,188.0
vowel,GOSDT (reg path),4,76.87878787878786,188.0
vowel,GOSDT (reg path),5,70.75757575757575,188.0
vowel,GOSDT (reg path),6,73.02020202020202,188.0
vowel,GOSDT (reg path),7,80.62626262626262,188.0
vowel,GOSDT (reg path),8,77.30303030303031,188.0
vowel,GOSDT (reg path),9,78.35353535353534,188.0
vowel,GOSDT (reg path),10,74.92929292929293,188.0
vowel,Random Search,1,63.090909090909086,188.0
vowel,Random Search,2,67.25252525252525,188.0
vowel,Random Search,3,59.96969696969696,188.0
vowel,Random Search,4,64.26262626262626,188.0
vowel,Random Search,5,66.16161616161615,188.0
vowel,Random Search,6,61.75757575757576,188.0
vowel,Random Search,7,69.78787878787877,188.0
vowel,Random Search,8,60.79797979797979,188.0
vowel,Random Search,9,60.71717171717171,188.0
vowel,Random Search,10,65.43434343434343,188.0
wdbc,CART (ccp path),1,20.157894736842103,24.0
wdbc,CART (ccp path),2,20.92982456140351,24.0
wdbc,CART (ccp path),3,21.47368421052632,24.0
wdbc,CART (ccp path),4,20.82456140350877,24.0
wdbc,CART (ccp path),5,20.526315789473685,24.0
wdbc,CART (ccp path),6,20.719298245614038,24.0
wdbc,CART (ccp path),7,20.64912280701754,24.0
wdbc,CART (ccp path),8,21.42105263157895,24.0
wdbc,CART (ccp path),9,19.98245614035088,24.0
wdbc,CART (ccp path),10,19.589285714285715,24.0
wdbc,GA (NSGA-II),1,19.64912280701754,24.0
wdbc,GA (NSGA-II),2,20.385964912280702,24.0
wdbc,GA (NSGA-II),3,20.789473684210527,24.0
wdbc,GA (NSGA-II),4,21.157894736842106,24.0
wdbc,GA (NSGA-II),5,21.719298245614038,24.0
wdbc,GA (NSGA-II),6,21.614035087719298,24.0
wdbc,GA (NSGA-II),7,21.087719298245617,24.0
wdbc,GA (NSGA-II),8,21.087719298245617,24.0
wdbc,GA (NSGA-II),9,19.982456140350877,24.0
wdbc,GA (NSGA-II),10,19.964285714285715,24.0
wdbc,"GA (NSGA-II, archived)",1,20.54385964912281,24.0
wdbc,"GA (NSGA-II, archived)",2,18.912280701754383,24.0
wdbc,"GA (NSGA-II, archived)",3,20.75438596491228,24.0
wdbc,"GA (NSGA-II, archived)",4,20.719298245614038,24.0
wdbc,"GA (NSGA-II, archived)",5,20.42105263157895,24.0
wdbc,"GA (NSGA-II, archived)",6,21.526315789473685,24.0
wdbc,"GA (NSGA-II, archived)",7,20.42105263157895,24.0
wdbc,"GA (NSGA-II, archived)",8,19.94736842105263,24.0
wdbc,"GA (NSGA-II, archived)",9,19.684210526315788,24.0
wdbc,"GA (NSGA-II, archived)",10,19.25,24.0
wdbc,GOSDT (reg path),1,19.94736842105263,24.0
wdbc,GOSDT (reg path),2,19.789473684210527,24.0
wdbc,GOSDT (reg path),3,20.140350877192983,24.0
wdbc,GOSDT (reg path),4,20.75438596491228,24.0
wdbc,GOSDT (reg path),5,20.385964912280702,24.0
wdbc,GOSDT (reg path),6,19.719298245614038,24.0
wdbc,GOSDT (reg path),7,19.473684210526315,24.0
wdbc,GOSDT (reg path),8,20.087719298245617,24.0
wdbc,GOSDT (reg path),9,18.91228070175439,24.0
wdbc,GOSDT (reg path),10,19.67857142857143,24.0
wdbc,Random Search,1,21.12280701754386,24.0
wdbc,Random Search,2,20.29824561403509,24.0
wdbc,Random Search,3,20.894736842105264,24.0
wdbc,Random Search,4,20.75438596491228,24.0
wdbc,Random Search,5,20.50877192982456,24.0
wdbc,Random Search,6,20.263157894736842,24.0
wdbc,Random Search,7,20.719298245614034,24.0
wdbc,Random Search,8,20.05263157894737,24.0
wdbc,Random Search,9,19.0,24.0
wdbc,Random Search,10,19.25,24.0
