dataset,growth_stop_prob,stump_fraction,median_nodes,mean_nodes,mean_depth,distinct_sizes
banknote,0.0,0.0,61.0,60.55,6.0,34
banknote,0.1,0.105,41.0,39.82,5.33,41
banknote,0.2,0.225,25.0,24.03,4.42,31
banknote,0.3,0.36,11.0,14.52,3.39,28
banknote,0.5,0.655,3.0,5.02,1.575,15
banknote,0.7,0.885,1.0,2.12,0.515,8
wdbc,0.0,0.0,55.0,53.9,6.0,30
wdbc,0.1,0.115,33.0,32.55,5.245,35
wdbc,0.2,0.21,23.0,22.17,4.52,28
wdbc,0.3,0.485,5.0,11.53,2.85,24
wdbc,0.5,0.615,3.0,4.65,1.515,13
wdbc,0.7,0.84,1.0,2.26,0.58,7
tic_tac_toe,0.0,0.0,61.0,60.03,6.0,31
tic_tac_toe,0.1,0.14,39.0,38.27,5.125,39
tic_tac_toe,0.2,0.205,22.0,22.69,4.57,31
tic_tac_toe,0.3,0.385,11.0,13.41,3.32,24
tic_tac_toe,0.5,0.57,3.0,6.12,1.915,14
tic_tac_toe,0.7,0.83,1.0,2.42,0.64,9
