dataset,growth_stop_prob,test_accuracy,accuracy_std,leaves
banknote,0.0,0.9227383193346902,0.030746447131368648,5.0
banknote,0.1,0.8731649674002021,0.061029436327275664,4.0
banknote,0.2,0.8622288260569055,0.04976190113977234,3.3333333333333335
banknote,0.3,0.8585898158676771,0.047699542673289824,3.3333333333333335
banknote,0.5,0.8775524829675212,0.04926479516059067,3.3333333333333335
banknote,0.7,0.8622447517032478,0.032823217143965494,2.6666666666666665
wdbc,0.0,0.9120486401188156,0.03918895851166456,4.0
wdbc,0.1,0.8910238559361366,0.03222714253193852,2.0
wdbc,0.2,0.8997865032952751,0.024399553201974858,4.333333333333333
wdbc,0.3,0.8857606980413998,0.008113888990114804,2.6666666666666665
wdbc,0.5,0.8875336489371577,0.021825277278166254,3.3333333333333335
wdbc,0.7,0.8857699805068227,0.021225197019596416,2.0
tic_tac_toe,0.0,0.719151645768025,0.05915990614147096,5.666666666666667
tic_tac_toe,0.1,0.6576116771159874,0.007114544581096369,3.0
tic_tac_toe,0.2,0.6753885841170324,0.036802786971007084,3.6666666666666665
tic_tac_toe,0.3,0.7233346394984327,0.06251272153133472,4.0
tic_tac_toe,0.5,0.6576247387669801,0.008752380151935734,2.6666666666666665
tic_tac_toe,0.7,0.6785233803552769,0.04223058245476252,3.0
