Dataset,Model,Test Acc,Test F1,Time (s),Nodes,Depth
iris,GA-Optimized,0.8933 ± 0.0646,0.8896 ± 0.0705,1.80,7.4,2.4
iris,CART,0.9400 ± 0.0389,0.9395 ± 0.0394,0.00,9.8,3.6
iris,CART (unconstrained),0.9533 ± 0.0340,0.9531 ± 0.0341,0.00,14.2,4.6
iris,Random Forest,0.9467 ± 0.0267,0.9464 ± 0.0268,0.42,1482.4,5.1
iris,XGBoost,0.9400 ± 0.0327,0.9389 ± 0.0339,283.51,,
wine,GA-Optimized,0.8656 ± 0.0640,0.8653 ± 0.0640,2.52,7.8,3.0
wine,CART,0.9049 ± 0.0546,0.9051 ± 0.0535,0.00,13.4,3.6
wine,CART (unconstrained),0.8989 ± 0.0290,0.8985 ± 0.0284,0.00,17.8,4.4
wine,Random Forest,0.9775 ± 0.0213,0.9775 ± 0.0213,0.36,1860.0,5.0
wine,XGBoost,0.9606 ± 0.0291,0.9604 ± 0.0295,166.47,,
breast_cancer,GA-Optimized,0.9209 ± 0.0229,0.9208 ± 0.0224,10.91,4.6,1.4
breast_cancer,CART,0.9280 ± 0.0210,0.9275 ± 0.0212,0.02,25.0,6.0
breast_cancer,CART (unconstrained),0.9104 ± 0.0279,0.9097 ± 0.0289,0.03,36.6,7.2
breast_cancer,Random Forest,0.9561 ± 0.0123,0.9560 ± 0.0125,0.59,3494.4,7.0
breast_cancer,XGBoost,0.9526 ± 0.0089,0.9524 ± 0.0091,73.67,,
