dataset,acc[CART (pruned)],acc[CART (unconstrained)],acc[GA-Optimized],acc[Random Forest],acc[Random Search],ga_minus_cart,ci90_low,ci90_high,k3_primary_loss,k3_secondary_not_equivalent,nodes[GA-Optimized],leaves[GA-Optimized],mean_path_length[GA-Optimized],features_used[GA-Optimized],nodes[CART (pruned)],leaves[CART (pruned)],mean_path_length[CART (pruned)],features_used[CART (pruned)]
analcatdata_dmft,0.20436708860759492,0.17805379746835442,0.2106329113924051,0.2031645569620253,0.20449367088607592,0.006265822784810129,-0.03074570198177535,0.04327734755139561,False,True,18.6,9.8,3.107670850767085,3.3,81.0,41.0,5.266818568548152,4.0
balance_scale,0.7887608806963645,0.7823604710701485,0.7838197644649257,0.8575012800819252,0.7681259600614438,-0.0049411162314388244,-0.04556618855788605,0.03568395609500841,False,True,25.6,13.3,3.748249401085947,4.0,39.6,20.3,4.023259356649367,4.0
banknote,0.9803184174336188,0.986157833492013,0.928588807785888,0.9919919602242674,0.9213001163651751,-0.05172960964773088,-0.09095062339295526,-0.01250859590250649,True,True,15.2,8.1,2.872874493927126,3.1,41.0,21.0,4.420352889454655,4.0
blood_transfusion,0.7753333333333334,0.7218558558558559,0.7633873873873874,0.7793153153153154,0.7553333333333333,-0.011945945945945936,-0.0371178727959796,0.013225980904087727,False,True,3.0,2.0,1.0,1.0,22.6,11.8,3.134925331017059,3.5
breast_w,0.9470600414078675,0.9399378881987579,0.9542028985507246,0.964223602484472,0.9355900621118012,0.007142857142857162,-0.016414958562620575,0.0307006728483349,False,True,8.6,4.8,2.481855805385217,3.3,22.0,11.5,3.413285638579756,5.3
climate_crashes,0.9351851851851853,0.912962962962963,0.9148148148148149,0.9222222222222223,0.9166666666666667,-0.020370370370370327,-0.04297308774787633,0.0022323470071356766,True,True,3.0,2.0,1.0,1.0,13.6,7.3,2.2115226337448557,4.6
credit_approval,0.8608695652173914,0.7985507246376812,0.8492753623188406,0.8840579710144928,0.855072463768116,-0.011594202898550732,-0.04138326408865507,0.018194858291553605,False,True,4.8,2.9,1.3396135265700484,1.7,18.4,9.7,2.92512077294686,6.9
credit_g,0.723,0.688,0.7,0.751,0.689,-0.02300000000000001,-0.08489938340921814,0.03889938340921811,True,True,5.0,3.0,1.5774444444444444,1.7,22.0,11.5,3.110666666666667,7.1
diabetes_pima,0.7201469583048532,0.7005126452494873,0.7422248803827752,0.7735304169514696,0.7448393711551606,0.022077922077922085,-0.01890047257562677,0.06305631673147094,False,True,5.0,3.0,1.4150506512301013,1.5,24.2,12.6,3.513365274420083,5.1
dresses_sales,0.5780000000000001,0.534,0.5980000000000001,0.59,0.606,0.020000000000000018,-0.04150977396759202,0.08150977396759206,False,True,7.4,4.2,1.7399999999999998,2.4,7.2,4.1,1.8586666666666667,2.4
eucalyptus,0.6318400592373195,0.6019992595335062,0.49733432062199184,0.6656238430211034,0.49446501295816364,-0.1345057386153277,-0.2512657941885335,-0.01774568304212186,True,True,16.4,8.7,3.4456585236930004,4.6,38.4,19.7,4.831293033132379,9.1
ilpd,0.7066627703097603,0.6584745762711866,0.7169491525423729,0.6997954412624197,0.7014611338398596,0.010286382232612513,-0.012575265342274395,0.033148029807499424,False,True,3.4,2.2,1.1,1.1,4.8,2.9,0.7937142857142857,1.0
kc2,0.8390783744557329,0.7950290275761974,0.8486211901306241,0.8410014513788099,0.8333817126269958,0.00954281567489117,-0.020898639465512542,0.03998427081529488,False,True,4.6,2.8,1.4029787234042552,1.5,11.8,6.4,2.4851830513088053,3.8
pc1,0.9332760032760034,0.9098443898443899,0.9278869778869779,0.9350941850941851,0.9296560196560197,-0.005389025389025415,-0.018890576588978504,0.008112525810927673,False,False,5.0,3.0,1.4086172344689378,1.8,18.4,9.7,3.282266434771445,6.5
pc4,0.8950401511572981,0.8888710439300898,0.8902503542749173,0.9019083608880492,0.8882050070854983,-0.004789796882380748,-0.019471151072275865,0.00989155730751437,False,False,3.8,2.4,1.2,1.2,15.6,8.3,2.2584424284360893,5.6
qsar_biodeg,0.8227762803234502,0.8189308176100629,0.7611320754716981,0.876828391734052,0.7526774483378256,-0.061644204851752,-0.09212314442630753,-0.031165265277196468,True,True,9.8,5.4,2.4006938051134155,3.1,33.4,17.2,4.318847207586933,13.1
tic_tac_toe,0.854923245614035,0.885186403508772,0.7641228070175439,0.9665679824561403,0.7036403508771929,-0.0908004385964912,-0.14127466982590914,-0.04032620736707328,True,True,23.8,12.4,3.0579996666245464,5.7,113.0,57.0,5.568169634335521,9.0
vehicle,0.6926610644257704,0.7244957983193279,0.6037114845938376,0.75296918767507,0.5791456582633053,-0.08894957983193276,-0.1572371648191867,-0.02066199484467883,True,True,22.6,11.8,3.6227651487716463,6.4,52.4,26.7,4.992780255293319,13.6
vowel,0.7101010101010101,0.8232323232323232,0.3818181818181818,0.9787878787878788,0.33333333333333326,-0.32828282828282834,-0.387667329989528,-0.26889832657612867,True,True,40.4,20.7,4.808080808080808,7.1,119.8,60.4,6.931762065095398,11.0
wdbc,0.9295739348370928,0.9084586466165414,0.9226503759398497,0.9647556390977442,0.9015037593984964,-0.006923558897243142,-0.034244163453236935,0.020397045658750647,False,True,7.4,4.2,2.0682127954434697,2.8,15.2,8.1,2.947709170930799,5.7
