dataset,method,fold,hv_normalised,largest_nodes,best_accuracy
eucalyptus,CART (ccp path),1,0.5917953667953668,51.0,0.6621621621621622
eucalyptus,CART (ccp path),2,0.5458494208494208,123.0,0.6081081081081081
eucalyptus,CART (ccp path),3,0.6867760617760619,129.0,0.7702702702702703
eucalyptus,CART (ccp path),4,0.5971042471042471,31.0,0.6486486486486487
eucalyptus,CART (ccp path),5,0.5919884169884171,17.0,0.6351351351351351
eucalyptus,CART (ccp path),6,0.6286679536679536,45.0,0.6891891891891891
eucalyptus,CART (ccp path),7,0.5228962818003915,139.0,0.5753424657534246
eucalyptus,CART (ccp path),8,0.6340508806262232,65.0,0.7123287671232876
eucalyptus,CART (ccp path),9,0.69853228962818,47.0,0.7808219178082192
eucalyptus,CART (ccp path),10,0.5856164383561644,137.0,0.6438356164383562
eucalyptus,GA (NSGA-II),1,0.532046332046332,5.0,0.5405405405405406
eucalyptus,GA (NSGA-II),2,0.518050193050193,5.0,0.527027027027027
eucalyptus,GA (NSGA-II),3,0.5009652509652509,23.0,0.5135135135135135
eucalyptus,GA (NSGA-II),4,0.5919884169884171,13.0,0.6081081081081081
eucalyptus,GA (NSGA-II),5,0.49198841698841694,7.0,0.5
eucalyptus,GA (NSGA-II),6,0.5986486486486488,23.0,0.6216216216216216
eucalyptus,GA (NSGA-II),7,0.5113502935420744,13.0,0.5205479452054794
eucalyptus,GA (NSGA-II),8,0.49911937377690807,5.0,0.5068493150684932
eucalyptus,GA (NSGA-II),9,0.510958904109589,7.0,0.5205479452054794
eucalyptus,GA (NSGA-II),10,0.4969667318982388,9.0,0.5068493150684932
eucalyptus,"GA (NSGA-II, archived)",1,0.5441119691119691,9.0,0.5540540540540541
eucalyptus,"GA (NSGA-II, archived)",2,0.5546332046332045,13.0,0.5675675675675675
eucalyptus,"GA (NSGA-II, archived)",3,0.5701737451737452,7.0,0.581081081081081
eucalyptus,"GA (NSGA-II, archived)",4,0.5225868725868726,19.0,0.5405405405405406
eucalyptus,"GA (NSGA-II, archived)",5,0.49218146718146716,7.0,0.5
eucalyptus,"GA (NSGA-II, archived)",6,0.51496138996139,15.0,0.527027027027027
eucalyptus,"GA (NSGA-II, archived)",7,0.48414872798434444,11.0,0.4931506849315068
eucalyptus,"GA (NSGA-II, archived)",8,0.40508806262230923,7.0,0.410958904109589
eucalyptus,"GA (NSGA-II, archived)",9,0.5600782778864971,15.0,0.5753424657534246
eucalyptus,"GA (NSGA-II, archived)",10,0.49833659491193744,11.0,0.5068493150684932
eucalyptus,GA [2x-budget],1,0.5941119691119692,11.0,0.6081081081081081
eucalyptus,GA [2x-budget],2,0.5159266409266408,27.0,0.527027027027027
eucalyptus,GA [2x-budget],3,0.595849420849421,9.0,0.6081081081081081
eucalyptus,GA [2x-budget],4,0.5542471042471041,29.0,0.5675675675675675
eucalyptus,GA [2x-budget],5,0.5427606177606177,13.0,0.5540540540540541
eucalyptus,GA [2x-budget],6,0.5166988416988417,13.0,0.527027027027027
eucalyptus,GA [2x-budget],7,0.5113502935420744,15.0,0.5205479452054794
eucalyptus,GA [2x-budget],8,0.4721135029354207,7.0,0.4794520547945205
eucalyptus,GA [2x-budget],9,0.5342465753424657,11.0,0.547945205479452
eucalyptus,GA [2x-budget],10,0.6091976516634051,15.0,0.6301369863013698
eucalyptus,GA [base],1,0.5826254826254827,9.0,0.5945945945945946
eucalyptus,GA [base],2,0.49044401544401545,7.0,0.5
eucalyptus,GA [base],3,0.5163127413127413,21.0,0.527027027027027
eucalyptus,GA [base],4,0.5437258687258688,9.0,0.5540540540540541
eucalyptus,GA [base],5,0.4793436293436294,5.0,0.4864864864864865
eucalyptus,GA [base],6,0.5417953667953668,11.0,0.5540540540540541
eucalyptus,GA [base],7,0.5241682974559687,15.0,0.5342465753424658
eucalyptus,GA [base],8,0.49696673189823876,11.0,0.5068493150684932
eucalyptus,GA [base],9,0.5594911937377691,15.0,0.5753424657534246
eucalyptus,GA [base],10,0.5377690802348337,7.0,0.547945205479452
eucalyptus,GA [grow-bias],1,0.5659266409266408,7.0,0.581081081081081
eucalyptus,GA [grow-bias],2,0.5105212355212355,17.0,0.527027027027027
eucalyptus,GA [grow-bias],3,0.5284749034749036,31.0,0.5540540540540541
eucalyptus,GA [grow-bias],4,0.5387065637065637,17.0,0.5540540540540541
eucalyptus,GA [grow-bias],5,0.5685328185328187,19.0,0.5945945945945946
eucalyptus,GA [grow-bias],6,0.5007722007722007,5.0,0.5135135135135135
eucalyptus,GA [grow-bias],7,0.5437377690802349,21.0,0.5616438356164384
eucalyptus,GA [grow-bias],8,0.54853228962818,25.0,0.5753424657534246
eucalyptus,GA [grow-bias],9,0.5471624266144813,29.0,0.5753424657534246
eucalyptus,GA [grow-bias],10,0.5299412915851271,33.0,0.547945205479452
eucalyptus,GA [resubstitution],1,0.5697876447876448,9.0,0.581081081081081
eucalyptus,GA [resubstitution],2,0.5423745173745173,9.0,0.5540540540540541
eucalyptus,GA [resubstitution],3,0.632046332046332,15.0,0.6486486486486487
eucalyptus,GA [resubstitution],4,0.6168918918918919,21.0,0.6351351351351351
eucalyptus,GA [resubstitution],5,0.5023166023166024,11.0,0.5135135135135135
eucalyptus,GA [resubstitution],6,0.5795366795366795,25.0,0.5945945945945946
eucalyptus,GA [resubstitution],7,0.5249510763209393,7.0,0.5342465753424658
eucalyptus,GA [resubstitution],8,0.5099804305283756,17.0,0.5205479452054794
eucalyptus,GA [resubstitution],9,0.5673189823874756,41.0,0.6027397260273972
eucalyptus,GA [resubstitution],10,0.5492172211350295,13.0,0.5616438356164384
eucalyptus,Random Search,1,0.5144787644787645,41.0,0.5405405405405406
eucalyptus,Random Search,2,0.4749034749034749,13.0,0.4864864864864865
eucalyptus,Random Search,3,0.5206563706563706,23.0,0.5405405405405406
eucalyptus,Random Search,4,0.5032818532818534,7.0,0.5135135135135135
eucalyptus,Random Search,5,0.497104247104247,21.0,0.5135135135135135
eucalyptus,Random Search,6,0.5400579150579151,21.0,0.5540540540540541
eucalyptus,Random Search,7,0.49951076320939336,43.0,0.5342465753424658
eucalyptus,Random Search,8,0.49706457925636005,33.0,0.5205479452054794
eucalyptus,Random Search,9,0.47808219178082195,33.0,0.4931506849315068
eucalyptus,Random Search,10,0.452054794520548,13.0,0.4657534246575342
tic_tac_toe,CART (ccp path),1,0.8202227011494253,121.0,0.90625
tic_tac_toe,CART (ccp path),2,0.8184865900383141,173.0,0.875
tic_tac_toe,CART (ccp path),3,0.8409961685823754,157.0,0.9166666666666666
tic_tac_toe,CART (ccp path),4,0.8075311302681993,103.0,0.8645833333333334
tic_tac_toe,CART (ccp path),5,0.7969947318007662,129.0,0.8645833333333334
tic_tac_toe,CART (ccp path),6,0.8296216475095787,153.0,0.875
tic_tac_toe,CART (ccp path),7,0.795198754789272,141.0,0.8854166666666666
tic_tac_toe,CART (ccp path),8,0.8263290229885057,123.0,0.90625
tic_tac_toe,CART (ccp path),9,0.8117362371445856,119.0,0.8631578947368421
tic_tac_toe,CART (ccp path),10,0.8557773744706595,111.0,0.9263157894736842
tic_tac_toe,GA (NSGA-II),1,0.7804118773946361,21.0,0.7916666666666666
tic_tac_toe,GA (NSGA-II),2,0.7510177203065135,15.0,0.7604166666666666
tic_tac_toe,GA (NSGA-II),3,0.7330579501915709,7.0,0.7395833333333334
tic_tac_toe,GA (NSGA-II),4,0.7227011494252874,7.0,0.7291666666666666
tic_tac_toe,GA (NSGA-II),5,0.7607758620689655,11.0,0.7708333333333334
tic_tac_toe,GA (NSGA-II),6,0.7331776819923372,7.0,0.7395833333333334
tic_tac_toe,GA (NSGA-II),7,0.7312619731800766,11.0,0.7395833333333334
tic_tac_toe,GA (NSGA-II),8,0.7418582375478928,11.0,0.75
tic_tac_toe,GA (NSGA-II),9,0.7294615849969751,11.0,0.7368421052631579
tic_tac_toe,GA (NSGA-II),10,0.7552934059286147,25.0,0.7684210526315789
tic_tac_toe,"GA (NSGA-II, archived)",1,0.7121048850574713,11.0,0.71875
tic_tac_toe,"GA (NSGA-II, archived)",2,0.7129430076628352,7.0,0.71875
tic_tac_toe,"GA (NSGA-II, archived)",3,0.7329382183908046,7.0,0.7395833333333334
tic_tac_toe,"GA (NSGA-II, archived)",4,0.7625718390804598,7.0,0.7708333333333334
tic_tac_toe,"GA (NSGA-II, archived)",5,0.7608955938697318,23.0,0.7708333333333334
tic_tac_toe,"GA (NSGA-II, archived)",6,0.8387212643678159,19.0,0.8541666666666666
tic_tac_toe,"GA (NSGA-II, archived)",7,0.6722341954022989,7.0,0.6770833333333334
tic_tac_toe,"GA (NSGA-II, archived)",8,0.6825909961685823,5.0,0.6875
tic_tac_toe,"GA (NSGA-II, archived)",9,0.6886872353297037,15.0,0.6947368421052632
tic_tac_toe,"GA (NSGA-II, archived)",10,0.7893526920750151,17.0,0.8
tic_tac_toe,GA [2x-budget],1,0.7700550766283526,19.0,0.78125
tic_tac_toe,GA [2x-budget],2,0.8194444444444443,15.0,0.8333333333333334
tic_tac_toe,GA [2x-budget],3,0.8659602490421456,23.0,0.8854166666666666
tic_tac_toe,GA [2x-budget],4,0.7713721264367817,11.0,0.78125
tic_tac_toe,GA [2x-budget],5,0.6924688697318008,7.0,0.6979166666666666
tic_tac_toe,GA [2x-budget],6,0.8497964559386972,17.0,0.8645833333333334
tic_tac_toe,GA [2x-budget],7,0.7475454980842912,33.0,0.7604166666666666
tic_tac_toe,GA [2x-budget],8,0.8006465517241378,19.0,0.8125
tic_tac_toe,GA [2x-budget],9,0.7969147005444647,19.0,0.8105263157894737
tic_tac_toe,GA [2x-budget],10,0.7400483968542044,7.0,0.7473684210526316
tic_tac_toe,GA [base],1,0.7611350574712645,13.0,0.7708333333333334
tic_tac_toe,GA [base],2,0.7124640804597702,7.0,0.71875
tic_tac_toe,GA [base],3,0.7426963601532567,13.0,0.75
tic_tac_toe,GA [base],4,0.722581417624521,7.0,0.7291666666666666
tic_tac_toe,GA [base],5,0.7631704980842913,7.0,0.7708333333333334
tic_tac_toe,GA [base],6,0.79268438697318,9.0,0.8020833333333334
tic_tac_toe,GA [base],7,0.6918702107279693,11.0,0.6979166666666666
tic_tac_toe,GA [base],8,0.7321000957854407,7.0,0.7395833333333334
tic_tac_toe,GA [base],9,0.718874773139746,23.0,0.7263157894736842
tic_tac_toe,GA [base],10,0.7499092558983667,7.0,0.7578947368421053
tic_tac_toe,GA [grow-bias],1,0.723000478927203,19.0,0.7395833333333334
tic_tac_toe,GA [grow-bias],2,0.7422772988505747,15.0,0.7604166666666666
tic_tac_toe,GA [grow-bias],3,0.7562260536398469,5.0,0.7708333333333334
tic_tac_toe,GA [grow-bias],4,0.7590397509578544,39.0,0.78125
tic_tac_toe,GA [grow-bias],5,0.7549090038314177,7.0,0.7708333333333334
tic_tac_toe,GA [grow-bias],6,0.7653855363984673,9.0,0.78125
tic_tac_toe,GA [grow-bias],7,0.721324233716475,17.0,0.7395833333333334
tic_tac_toe,GA [grow-bias],8,0.7645474137931034,13.0,0.78125
tic_tac_toe,GA [grow-bias],9,0.7799153055051421,17.0,0.8
tic_tac_toe,GA [grow-bias],10,0.7325468844525106,7.0,0.7473684210526316
tic_tac_toe,GA [resubstitution],1,0.7024664750957854,7.0,0.7083333333333334
tic_tac_toe,GA [resubstitution],2,0.6919899425287356,9.0,0.6979166666666666
tic_tac_toe,GA [resubstitution],3,0.793043582375479,7.0,0.8020833333333334
tic_tac_toe,GA [resubstitution],4,0.8719468390804598,11.0,0.8854166666666666
tic_tac_toe,GA [resubstitution],5,0.7351532567049808,35.0,0.75
tic_tac_toe,GA [resubstitution],6,0.8306393678160919,19.0,0.84375
tic_tac_toe,GA [resubstitution],7,0.711147030651341,19.0,0.71875
tic_tac_toe,GA [resubstitution],8,0.7325790229885057,7.0,0.7395833333333334
tic_tac_toe,GA [resubstitution],9,0.8072595281306715,19.0,0.8210526315789474
tic_tac_toe,GA [resubstitution],10,0.7493042952208107,29.0,0.7578947368421053
tic_tac_toe,Random Search,1,0.7188697318007663,17.0,0.7291666666666666
tic_tac_toe,Random Search,2,0.6724736590038315,7.0,0.6770833333333334
tic_tac_toe,Random Search,3,0.7624521072796936,7.0,0.7708333333333334
tic_tac_toe,Random Search,4,0.8011254789272031,9.0,0.8125
tic_tac_toe,Random Search,5,0.7334171455938698,5.0,0.7395833333333334
tic_tac_toe,Random Search,6,0.7876556513409962,17.0,0.8020833333333334
tic_tac_toe,Random Search,7,0.7009099616858238,21.0,0.7083333333333334
tic_tac_toe,Random Search,8,0.7497006704980841,25.0,0.7604166666666666
tic_tac_toe,Random Search,9,0.7779189352692074,19.0,0.7894736842105263
tic_tac_toe,Random Search,10,0.7468844525105868,15.0,0.7578947368421053
vehicle,CART (ccp path),1,0.6338448422847399,45.0,0.6941176470588235
vehicle,CART (ccp path),2,0.6593350383631713,39.0,0.7294117647058823
vehicle,CART (ccp path),3,0.6805626598465474,89.0,0.7647058823529411
vehicle,CART (ccp path),4,0.6499573742540495,133.0,0.7294117647058823
vehicle,CART (ccp path),5,0.6239556692242113,57.0,0.6941176470588235
vehicle,CART (ccp path),6,0.7098891730605286,137.0,0.8117647058823529
vehicle,CART (ccp path),7,0.6900448585231194,121.0,0.7976190476190477
vehicle,CART (ccp path),8,0.6438923395445134,97.0,0.7619047619047619
vehicle,CART (ccp path),9,0.6581262939958591,55.0,0.7261904761904762
vehicle,CART (ccp path),10,0.6592477570738441,113.0,0.7380952380952381
vehicle,GA (NSGA-II),1,0.585080988917306,11.0,0.6
vehicle,GA (NSGA-II),2,0.6727195225916452,23.0,0.6941176470588235
vehicle,GA (NSGA-II),3,0.6292412617220801,15.0,0.6470588235294118
vehicle,GA (NSGA-II),4,0.6202046035805626,21.0,0.6470588235294118
vehicle,GA (NSGA-II),5,0.4715260017050298,11.0,0.4823529411764706
vehicle,GA (NSGA-II),6,0.6283887468030691,7.0,0.6470588235294118
vehicle,GA (NSGA-II),7,0.556935817805383,23.0,0.5714285714285714
vehicle,GA (NSGA-II),8,0.5904934437543132,11.0,0.6071428571428571
vehicle,GA (NSGA-II),9,0.6035196687370601,9.0,0.6190476190476191
vehicle,GA (NSGA-II),10,0.7005693581780538,13.0,0.7261904761904762
vehicle,"GA (NSGA-II, archived)",1,0.6069053708439898,15.0,0.6235294117647059
vehicle,"GA (NSGA-II, archived)",2,0.5610400682011935,23.0,0.5764705882352941
vehicle,"GA (NSGA-II, archived)",3,0.5397271952259165,11.0,0.5529411764705883
vehicle,"GA (NSGA-II, archived)",4,0.5608695652173914,13.0,0.5764705882352941
vehicle,"GA (NSGA-II, archived)",5,0.5965899403239556,11.0,0.611764705882353
vehicle,"GA (NSGA-II, archived)",6,0.5620630861040068,15.0,0.5764705882352941
vehicle,"GA (NSGA-II, archived)",7,0.6162008281573498,9.0,0.6309523809523809
vehicle,"GA (NSGA-II, archived)",8,0.6007591442374051,13.0,0.6190476190476191
vehicle,"GA (NSGA-II, archived)",9,0.6581262939958592,13.0,0.6785714285714286
vehicle,"GA (NSGA-II, archived)",10,0.60351966873706,7.0,0.6190476190476191
vehicle,GA [2x-budget],1,0.6608695652173914,15.0,0.6823529411764706
vehicle,GA [2x-budget],2,0.6754475703324808,13.0,0.6941176470588235
vehicle,GA [2x-budget],3,0.6527706734867859,27.0,0.6705882352941176
vehicle,GA [2x-budget],4,0.6425404944586529,19.0,0.6705882352941176
vehicle,GA [2x-budget],5,0.5804774083546462,15.0,0.6
vehicle,GA [2x-budget],6,0.620375106564365,17.0,0.6470588235294118
vehicle,GA [2x-budget],7,0.6598516218081436,9.0,0.6785714285714286
vehicle,GA [2x-budget],8,0.6519151138716358,27.0,0.6785714285714286
vehicle,GA [2x-budget],9,0.576432022084196,11.0,0.5952380952380952
vehicle,GA [2x-budget],10,0.6687370600414078,15.0,0.6904761904761905
vehicle,GA [base],1,0.5742540494458653,9.0,0.5882352941176471
vehicle,GA [base],2,0.6098039215686275,9.0,0.6235294117647059
vehicle,GA [base],3,0.6273657289002558,29.0,0.6470588235294118
vehicle,GA [base],4,0.606393861892583,11.0,0.6235294117647059
vehicle,GA [base],5,0.619693094629156,19.0,0.6470588235294118
vehicle,GA [base],6,0.5625745950554134,7.0,0.5764705882352941
vehicle,GA [base],7,0.5889406487232575,17.0,0.6071428571428571
vehicle,GA [base],8,0.5567632850241545,9.0,0.5714285714285714
vehicle,GA [base],9,0.5930814354727397,9.0,0.6071428571428571
vehicle,GA [base],10,0.6235334713595583,23.0,0.6428571428571429
vehicle,GA [grow-bias],1,0.6069906223358909,35.0,0.6352941176470588
vehicle,GA [grow-bias],2,0.617391304347826,7.0,0.6352941176470588
vehicle,GA [grow-bias],3,0.589087809036658,23.0,0.611764705882353
vehicle,GA [grow-bias],4,0.5303495311167945,27.0,0.5529411764705883
vehicle,GA [grow-bias],5,0.4847399829497017,39.0,0.5176470588235295
vehicle,GA [grow-bias],6,0.5140664961636828,43.0,0.5411764705882353
vehicle,GA [grow-bias],7,0.6113699102829536,9.0,0.6309523809523809
vehicle,GA [grow-bias],8,0.5411490683229814,11.0,0.5595238095238095
vehicle,GA [grow-bias],9,0.5727225672877846,25.0,0.6071428571428571
vehicle,GA [grow-bias],10,0.6005866114561766,9.0,0.6190476190476191
vehicle,GA [resubstitution],1,0.5821824381926684,13.0,0.6
vehicle,GA [resubstitution],2,0.6627450980392157,11.0,0.6823529411764706
vehicle,GA [resubstitution],3,0.6165387894288149,17.0,0.6352941176470588
vehicle,GA [resubstitution],4,0.6383631713554987,25.0,0.6588235294117647
vehicle,GA [resubstitution],5,0.6371696504688833,13.0,0.6588235294117647
vehicle,GA [resubstitution],6,0.6589940323955669,11.0,0.6823529411764706
vehicle,GA [resubstitution],7,0.670807453416149,13.0,0.6904761904761905
vehicle,GA [resubstitution],8,0.5576259489302968,11.0,0.5714285714285714
vehicle,GA [resubstitution],9,0.5670289855072463,13.0,0.5833333333333334
vehicle,GA [resubstitution],10,0.5701345755693582,19.0,0.5833333333333334
vehicle,Random Search,1,0.5772378516624039,25.0,0.6
vehicle,Random Search,2,0.570843989769821,35.0,0.611764705882353
vehicle,Random Search,3,0.5353793691389599,37.0,0.5647058823529412
vehicle,Random Search,4,0.5849104859335038,43.0,0.6235294117647059
vehicle,Random Search,5,0.5454390451832907,57.0,0.5882352941176471
vehicle,Random Search,6,0.6074168797953966,29.0,0.6470588235294118
vehicle,Random Search,7,0.6492408557625948,33.0,0.6904761904761905
vehicle,Random Search,8,0.5799689440993789,29.0,0.6071428571428571
vehicle,Random Search,9,0.5272601794340924,39.0,0.5476190476190477
vehicle,Random Search,10,0.557712215320911,39.0,0.5833333333333334
vowel,CART (ccp path),1,0.6716097141629056,127.0,0.8080808080808081
vowel,CART (ccp path),2,0.6000429830217064,153.0,0.7676767676767676
vowel,CART (ccp path),3,0.6183107672469375,173.0,0.7878787878787878
vowel,CART (ccp path),4,0.6100365355684505,145.0,0.7878787878787878
vowel,CART (ccp path),5,0.645604986030518,157.0,0.8282828282828283
vowel,CART (ccp path),6,0.5949387491940683,187.0,0.7777777777777778
vowel,CART (ccp path),7,0.6179883945841392,157.0,0.8080808080808081
vowel,CART (ccp path),8,0.6103589082312487,171.0,0.7474747474747475
vowel,CART (ccp path),9,0.5685579196217495,187.0,0.6868686868686869
vowel,CART (ccp path),10,0.6519449817322158,161.0,0.8484848484848485
vowel,GA (NSGA-II),1,0.40887599398237695,31.0,0.4242424242424242
vowel,GA (NSGA-II),2,0.3448850204169353,13.0,0.3535353535353535
vowel,GA (NSGA-II),3,0.3716956802063185,15.0,0.3838383838383838
vowel,GA (NSGA-II),4,0.38985600687728345,23.0,0.404040404040404
vowel,GA (NSGA-II),5,0.33601977218998497,9.0,0.3434343434343434
vowel,GA (NSGA-II),6,0.33204384268214054,21.0,0.3434343434343434
vowel,GA (NSGA-II),7,0.36401246507629476,17.0,0.3737373737373737
vowel,GA (NSGA-II),8,0.36218568665377177,65.0,0.3939393939393939
vowel,GA (NSGA-II),9,0.3210294433698688,27.0,0.3333333333333333
vowel,GA (NSGA-II),10,0.39936600042983017,27.0,0.4141414141414141
vowel,"GA (NSGA-II, archived)",1,0.3248979153234472,15.0,0.3333333333333333
vowel,"GA (NSGA-II, archived)",2,0.3388673973780356,49.0,0.3535353535353535
vowel,"GA (NSGA-II, archived)",3,0.4669030732860519,15.0,0.4848484848484848
vowel,"GA (NSGA-II, archived)",4,0.3443477326456049,21.0,0.3535353535353535
vowel,"GA (NSGA-II, archived)",5,0.34101654846335694,25.0,0.3535353535353535
vowel,"GA (NSGA-II, archived)",6,0.3154953793251665,15.0,0.3232323232323232
vowel,"GA (NSGA-II, archived)",7,0.4181173436492585,39.0,0.4444444444444444
vowel,"GA (NSGA-II, archived)",8,0.34445519019987103,13.0,0.3535353535353535
vowel,"GA (NSGA-II, archived)",9,0.3803460133247367,23.0,0.3939393939393939
vowel,"GA (NSGA-II, archived)",10,0.3968944766817107,25.0,0.4141414141414141
vowel,GA [2x-budget],1,0.4367612293144208,19.0,0.45454545454545453
vowel,GA [2x-budget],2,0.3792714377820761,27.0,0.3939393939393939
vowel,GA [2x-budget],3,0.4675478186116484,17.0,0.48484848484848486
vowel,GA [2x-budget],4,0.4257468300021491,37.0,0.4444444444444444
vowel,GA [2x-budget],5,0.4230603911454976,41.0,0.4444444444444444
vowel,GA [2x-budget],6,0.41774124220932735,21.0,0.43434343434343436
vowel,GA [2x-budget],7,0.4180636148721256,21.0,0.43434343434343436
vowel,GA [2x-budget],8,0.341016548463357,59.0,0.35353535353535354
vowel,GA [2x-budget],9,0.3710509348807221,39.0,0.3838383838383838
vowel,GA [2x-budget],10,0.43815817751987957,27.0,0.45454545454545453
vowel,GA [base],1,0.37212551042338277,17.0,0.3838383838383838
vowel,GA [base],2,0.3445626477541371,19.0,0.35353535353535354
vowel,GA [base],3,0.4156995486782721,21.0,0.43434343434343436
vowel,GA [base],4,0.3892112615516871,17.0,0.40404040404040403
vowel,GA [base],5,0.35224586288416077,27.0,0.36363636363636365
vowel,GA [base],6,0.36293788953363426,17.0,0.37373737373737376
vowel,GA [base],7,0.4290780141843971,17.0,0.4444444444444444
vowel,GA [base],8,0.3238233397807866,33.0,0.3333333333333333
vowel,GA [base],9,0.3506339995701698,29.0,0.36363636363636365
vowel,GA [base],10,0.3647646679561573,9.0,0.37373737373737376
vowel,GA [grow-bias],1,0.36825703846980445,41.0,0.3838383838383838
vowel,GA [grow-bias],2,0.3812594025359983,33.0,0.40404040404040403
vowel,GA [grow-bias],3,0.32860520094562645,53.0,0.3434343434343434
vowel,GA [grow-bias],4,0.38238770685579193,11.0,0.3939393939393939
vowel,GA [grow-bias],5,0.38072211476466794,35.0,0.40404040404040403
vowel,GA [grow-bias],6,0.4004405759724909,55.0,0.43434343434343436
vowel,GA [grow-bias],7,0.39410058027079303,29.0,0.41414141414141414
vowel,GA [grow-bias],8,0.3614334837739093,49.0,0.3939393939393939
vowel,GA [grow-bias],9,0.40006447453255967,59.0,0.42424242424242425
vowel,GA [grow-bias],10,0.38147431764453044,53.0,0.40404040404040403
vowel,GA [resubstitution],1,0.43224801203524604,25.0,0.45454545454545453
vowel,GA [resubstitution],2,0.34004943047496244,55.0,0.35353535353535354
vowel,GA [resubstitution],3,0.36369009241349665,15.0,0.37373737373737376
vowel,GA [resubstitution],4,0.38367719750698476,11.0,0.3939393939393939
vowel,GA [resubstitution],5,0.403932946486138,35.0,0.42424242424242425
vowel,GA [resubstitution],6,0.3749194068343005,51.0,0.40404040404040403
vowel,GA [resubstitution],7,0.37115839243498805,31.0,0.3838383838383838
vowel,GA [resubstitution],8,0.3785192349022137,35.0,0.3939393939393939
vowel,GA [resubstitution],9,0.36261551687083604,15.0,0.37373737373737376
vowel,GA [resubstitution],10,0.42381259402536003,49.0,0.4444444444444444
vowel,Random Search,1,0.3355899419729207,59.0,0.3636363636363636
vowel,Random Search,2,0.35772619815173,45.0,0.3838383838383838
vowel,Random Search,3,0.3189877498388136,43.0,0.3333333333333333
vowel,Random Search,4,0.34182248012035243,45.0,0.3636363636363636
vowel,Random Search,5,0.3519234902213625,13.0,0.3636363636363636
vowel,Random Search,6,0.3284977433913604,33.0,0.3434343434343434
vowel,Random Search,7,0.3712121212121211,57.0,0.4141414141414141
vowel,Random Search,8,0.3233935095637223,51.0,0.3535353535353535
vowel,Random Search,9,0.32296367934665804,55.0,0.3535353535353535
vowel,Random Search,10,0.34805501826778423,61.0,0.3838383838383838
