dataset,method,fold,accuracy,nodes,evaluations
vowel,GA [base],1,0.09090909090909091,1.0,2551
vowel,GA [base],1,0.1717171717171717,3.0,2551
vowel,GA [base],1,0.25252525252525254,5.0,2551
vowel,GA [base],1,0.2727272727272727,7.0,2551
vowel,GA [base],1,0.3434343434343434,9.0,2551
vowel,GA [base],1,0.3838383838383838,17.0,2551
vowel,GA [resubstitution],1,0.09090909090909091,1.0,2545
vowel,GA [resubstitution],1,0.1717171717171717,3.0,2545
vowel,GA [resubstitution],1,0.24242424242424243,5.0,2545
vowel,GA [resubstitution],1,0.29292929292929293,7.0,2545
vowel,GA [resubstitution],1,0.3333333333333333,9.0,2545
vowel,GA [resubstitution],1,0.35353535353535354,13.0,2545
vowel,GA [resubstitution],1,0.45454545454545453,25.0,2545
vowel,GA [grow-bias],1,0.1717171717171717,3.0,2513
vowel,GA [grow-bias],1,0.2727272727272727,5.0,2513
vowel,GA [grow-bias],1,0.29292929292929293,7.0,2513
vowel,GA [grow-bias],1,0.32323232323232326,11.0,2513
vowel,GA [grow-bias],1,0.35353535353535354,15.0,2513
vowel,GA [grow-bias],1,0.36363636363636365,17.0,2513
vowel,GA [grow-bias],1,0.37373737373737376,39.0,2513
vowel,GA [grow-bias],1,0.3838383838383838,41.0,2513
vowel,GA [2x-budget],1,0.09090909090909091,1.0,9925
vowel,GA [2x-budget],1,0.1717171717171717,3.0,9925
vowel,GA [2x-budget],1,0.25252525252525254,5.0,9925
vowel,GA [2x-budget],1,0.30303030303030304,7.0,9925
vowel,GA [2x-budget],1,0.3333333333333333,9.0,9925
vowel,GA [2x-budget],1,0.3838383838383838,15.0,9925
vowel,GA [2x-budget],1,0.4444444444444444,17.0,9925
vowel,GA [2x-budget],1,0.45454545454545453,19.0,9925
vowel,GA [base],2,0.09090909090909091,1.0,2559
vowel,GA [base],2,0.18181818181818182,3.0,2559
vowel,GA [base],2,0.26262626262626265,5.0,2559
vowel,GA [base],2,0.31313131313131315,7.0,2559
vowel,GA [base],2,0.3333333333333333,9.0,2559
vowel,GA [base],2,0.35353535353535354,19.0,2559
vowel,GA [resubstitution],2,0.09090909090909091,1.0,2587
vowel,GA [resubstitution],2,0.1717171717171717,3.0,2587
vowel,GA [resubstitution],2,0.25252525252525254,5.0,2587
vowel,GA [resubstitution],2,0.26262626262626265,7.0,2587
vowel,GA [resubstitution],2,0.2727272727272727,9.0,2587
vowel,GA [resubstitution],2,0.29292929292929293,11.0,2587
vowel,GA [resubstitution],2,0.3434343434343434,17.0,2587
vowel,GA [resubstitution],2,0.35353535353535354,55.0,2587
vowel,GA [grow-bias],2,0.18181818181818182,3.0,2580
vowel,GA [grow-bias],2,0.21212121212121213,5.0,2580
vowel,GA [grow-bias],2,0.29292929292929293,9.0,2580
vowel,GA [grow-bias],2,0.30303030303030304,15.0,2580
vowel,GA [grow-bias],2,0.32323232323232326,19.0,2580
vowel,GA [grow-bias],2,0.35353535353535354,25.0,2580
vowel,GA [grow-bias],2,0.36363636363636365,27.0,2580
vowel,GA [grow-bias],2,0.3838383838383838,31.0,2580
vowel,GA [grow-bias],2,0.40404040404040403,33.0,2580
vowel,GA [2x-budget],2,0.09090909090909091,1.0,10001
vowel,GA [2x-budget],2,0.18181818181818182,3.0,10001
vowel,GA [2x-budget],2,0.2727272727272727,5.0,10001
vowel,GA [2x-budget],2,0.30303030303030304,7.0,10001
vowel,GA [2x-budget],2,0.32323232323232326,9.0,10001
vowel,GA [2x-budget],2,0.35353535353535354,15.0,10001
vowel,GA [2x-budget],2,0.3939393939393939,27.0,10001
vowel,GA [base],3,0.09090909090909091,1.0,2532
vowel,GA [base],3,0.18181818181818182,3.0,2532
vowel,GA [base],3,0.26262626262626265,5.0,2532
vowel,GA [base],3,0.2828282828282828,7.0,2532
vowel,GA [base],3,0.30303030303030304,9.0,2532
vowel,GA [base],3,0.32323232323232326,11.0,2532
vowel,GA [base],3,0.3939393939393939,19.0,2532
vowel,GA [base],3,0.43434343434343436,21.0,2532
vowel,GA [resubstitution],3,0.09090909090909091,1.0,2504
vowel,GA [resubstitution],3,0.1717171717171717,3.0,2504
vowel,GA [resubstitution],3,0.26262626262626265,5.0,2504
vowel,GA [resubstitution],3,0.32323232323232326,7.0,2504
vowel,GA [resubstitution],3,0.3434343434343434,11.0,2504
vowel,GA [resubstitution],3,0.37373737373737376,15.0,2504
vowel,GA [grow-bias],3,0.1414141414141414,3.0,2519
vowel,GA [grow-bias],3,0.20202020202020202,5.0,2519
vowel,GA [grow-bias],3,0.30303030303030304,7.0,2519
vowel,GA [grow-bias],3,0.31313131313131315,13.0,2519
vowel,GA [grow-bias],3,0.32323232323232326,15.0,2519
vowel,GA [grow-bias],3,0.3434343434343434,53.0,2519
vowel,GA [2x-budget],3,0.09090909090909091,1.0,10005
vowel,GA [2x-budget],3,0.18181818181818182,3.0,10005
vowel,GA [2x-budget],3,0.21212121212121213,5.0,10005
vowel,GA [2x-budget],3,0.26262626262626265,7.0,10005
vowel,GA [2x-budget],3,0.3939393939393939,9.0,10005
vowel,GA [2x-budget],3,0.4444444444444444,11.0,10005
vowel,GA [2x-budget],3,0.46464646464646464,15.0,10005
vowel,GA [2x-budget],3,0.48484848484848486,17.0,10005
vowel,GA [base],4,0.09090909090909091,1.0,2623
vowel,GA [base],4,0.1717171717171717,3.0,2623
vowel,GA [base],4,0.2727272727272727,5.0,2623
vowel,GA [base],4,0.29292929292929293,7.0,2623
vowel,GA [base],4,0.30303030303030304,9.0,2623
vowel,GA [base],4,0.40404040404040403,17.0,2623
vowel,GA [resubstitution],4,0.09090909090909091,1.0,2575
vowel,GA [resubstitution],4,0.1717171717171717,3.0,2575
vowel,GA [resubstitution],4,0.2727272727272727,5.0,2575
vowel,GA [resubstitution],4,0.31313131313131315,7.0,2575
vowel,GA [resubstitution],4,0.35353535353535354,9.0,2575
vowel,GA [resubstitution],4,0.3939393939393939,11.0,2575
vowel,GA [grow-bias],4,0.1717171717171717,3.0,2550
vowel,GA [grow-bias],4,0.25252525252525254,5.0,2550
vowel,GA [grow-bias],4,0.32323232323232326,7.0,2550
vowel,GA [grow-bias],4,0.3333333333333333,9.0,2550
vowel,GA [grow-bias],4,0.3939393939393939,11.0,2550
vowel,GA [2x-budget],4,0.09090909090909091,1.0,10035
vowel,GA [2x-budget],4,0.1717171717171717,3.0,10035
vowel,GA [2x-budget],4,0.2727272727272727,5.0,10035
vowel,GA [2x-budget],4,0.31313131313131315,7.0,10035
vowel,GA [2x-budget],4,0.32323232323232326,9.0,10035
vowel,GA [2x-budget],4,0.3838383838383838,11.0,10035
vowel,GA [2x-budget],4,0.40404040404040403,19.0,10035
vowel,GA [2x-budget],4,0.43434343434343436,29.0,10035
vowel,GA [2x-budget],4,0.4444444444444444,37.0,10035
vowel,GA [base],5,0.09090909090909091,1.0,2527
vowel,GA [base],5,0.18181818181818182,3.0,2527
vowel,GA [base],5,0.25252525252525254,5.0,2527
vowel,GA [base],5,0.29292929292929293,7.0,2527
vowel,GA [base],5,0.30303030303030304,9.0,2527
vowel,GA [base],5,0.3333333333333333,11.0,2527
vowel,GA [base],5,0.3434343434343434,17.0,2527
vowel,GA [base],5,0.36363636363636365,27.0,2527
vowel,GA [resubstitution],5,0.09090909090909091,1.0,2532
vowel,GA [resubstitution],5,0.18181818181818182,3.0,2532
vowel,GA [resubstitution],5,0.24242424242424243,5.0,2532
vowel,GA [resubstitution],5,0.26262626262626265,7.0,2532
vowel,GA [resubstitution],5,0.3333333333333333,9.0,2532
vowel,GA [resubstitution],5,0.3434343434343434,11.0,2532
vowel,GA [resubstitution],5,0.37373737373737376,23.0,2532
vowel,GA [resubstitution],5,0.3838383838383838,27.0,2532
vowel,GA [resubstitution],5,0.40404040404040403,29.0,2532
vowel,GA [resubstitution],5,0.42424242424242425,35.0,2532
vowel,GA [grow-bias],5,0.18181818181818182,3.0,2559
vowel,GA [grow-bias],5,0.2222222222222222,5.0,2559
vowel,GA [grow-bias],5,0.24242424242424243,7.0,2559
vowel,GA [grow-bias],5,0.29292929292929293,9.0,2559
vowel,GA [grow-bias],5,0.30303030303030304,19.0,2559
vowel,GA [grow-bias],5,0.3434343434343434,21.0,2559
vowel,GA [grow-bias],5,0.37373737373737376,31.0,2559
vowel,GA [grow-bias],5,0.40404040404040403,35.0,2559
vowel,GA [2x-budget],5,0.09090909090909091,1.0,9982
vowel,GA [2x-budget],5,0.18181818181818182,3.0,9982
vowel,GA [2x-budget],5,0.23232323232323232,5.0,9982
vowel,GA [2x-budget],5,0.32323232323232326,7.0,9982
vowel,GA [2x-budget],5,0.3333333333333333,11.0,9982
vowel,GA [2x-budget],5,0.36363636363636365,13.0,9982
vowel,GA [2x-budget],5,0.37373737373737376,15.0,9982
vowel,GA [2x-budget],5,0.41414141414141414,25.0,9982
vowel,GA [2x-budget],5,0.42424242424242425,27.0,9982
vowel,GA [2x-budget],5,0.4444444444444444,41.0,9982
vowel,GA [base],6,0.09090909090909091,1.0,2561
vowel,GA [base],6,0.1717171717171717,3.0,2561
vowel,GA [base],6,0.25252525252525254,5.0,2561
vowel,GA [base],6,0.29292929292929293,7.0,2561
vowel,GA [base],6,0.32323232323232326,9.0,2561
vowel,GA [base],6,0.3434343434343434,11.0,2561
vowel,GA [base],6,0.37373737373737376,17.0,2561
vowel,GA [resubstitution],6,0.09090909090909091,1.0,2568
vowel,GA [resubstitution],6,0.1717171717171717,3.0,2568
vowel,GA [resubstitution],6,0.24242424242424243,5.0,2568
vowel,GA [resubstitution],6,0.30303030303030304,7.0,2568
vowel,GA [resubstitution],6,0.31313131313131315,33.0,2568
vowel,GA [resubstitution],6,0.3434343434343434,37.0,2568
vowel,GA [resubstitution],6,0.35353535353535354,45.0,2568
vowel,GA [resubstitution],6,0.3838383838383838,47.0,2568
vowel,GA [resubstitution],6,0.40404040404040403,51.0,2568
vowel,GA [grow-bias],6,0.18181818181818182,3.0,2518
vowel,GA [grow-bias],6,0.25252525252525254,7.0,2518
vowel,GA [grow-bias],6,0.2727272727272727,9.0,2518
vowel,GA [grow-bias],6,0.29292929292929293,13.0,2518
vowel,GA [grow-bias],6,0.32323232323232326,15.0,2518
vowel,GA [grow-bias],6,0.3434343434343434,23.0,2518
vowel,GA [grow-bias],6,0.35353535353535354,31.0,2518
vowel,GA [grow-bias],6,0.40404040404040403,41.0,2518
vowel,GA [grow-bias],6,0.42424242424242425,51.0,2518
vowel,GA [grow-bias],6,0.43434343434343436,55.0,2518
vowel,GA [2x-budget],6,0.09090909090909091,1.0,10026
vowel,GA [2x-budget],6,0.1717171717171717,3.0,10026
vowel,GA [2x-budget],6,0.21212121212121213,5.0,10026
vowel,GA [2x-budget],6,0.25252525252525254,7.0,10026
vowel,GA [2x-budget],6,0.29292929292929293,9.0,10026
vowel,GA [2x-budget],6,0.3434343434343434,11.0,10026
vowel,GA [2x-budget],6,0.40404040404040403,13.0,10026
vowel,GA [2x-budget],6,0.41414141414141414,17.0,10026
vowel,GA [2x-budget],6,0.43434343434343436,21.0,10026
vowel,GA [base],7,0.09090909090909091,1.0,2587
vowel,GA [base],7,0.18181818181818182,3.0,2587
vowel,GA [base],7,0.24242424242424243,5.0,2587
vowel,GA [base],7,0.32323232323232326,7.0,2587
vowel,GA [base],7,0.35353535353535354,9.0,2587
vowel,GA [base],7,0.36363636363636365,11.0,2587
vowel,GA [base],7,0.41414141414141414,15.0,2587
vowel,GA [base],7,0.4444444444444444,17.0,2587
vowel,GA [resubstitution],7,0.09090909090909091,1.0,2545
vowel,GA [resubstitution],7,0.18181818181818182,3.0,2545
vowel,GA [resubstitution],7,0.26262626262626265,5.0,2545
vowel,GA [resubstitution],7,0.2828282828282828,7.0,2545
vowel,GA [resubstitution],7,0.30303030303030304,9.0,2545
vowel,GA [resubstitution],7,0.3434343434343434,13.0,2545
vowel,GA [resubstitution],7,0.37373737373737376,15.0,2545
vowel,GA [resubstitution],7,0.3838383838383838,31.0,2545
vowel,GA [grow-bias],7,0.1717171717171717,3.0,2563
vowel,GA [grow-bias],7,0.24242424242424243,5.0,2563
vowel,GA [grow-bias],7,0.29292929292929293,7.0,2563
vowel,GA [grow-bias],7,0.30303030303030304,15.0,2563
vowel,GA [grow-bias],7,0.3434343434343434,17.0,2563
vowel,GA [grow-bias],7,0.35353535353535354,19.0,2563
vowel,GA [grow-bias],7,0.3939393939393939,23.0,2563
vowel,GA [grow-bias],7,0.41414141414141414,29.0,2563
vowel,GA [2x-budget],7,0.09090909090909091,1.0,10015
vowel,GA [2x-budget],7,0.18181818181818182,3.0,10015
vowel,GA [2x-budget],7,0.20202020202020202,5.0,10015
vowel,GA [2x-budget],7,0.32323232323232326,7.0,10015
vowel,GA [2x-budget],7,0.36363636363636365,11.0,10015
vowel,GA [2x-budget],7,0.37373737373737376,13.0,10015
vowel,GA [2x-budget],7,0.3838383838383838,15.0,10015
vowel,GA [2x-budget],7,0.3939393939393939,17.0,10015
vowel,GA [2x-budget],7,0.43434343434343436,21.0,10015
vowel,GA [base],8,0.09090909090909091,1.0,2497
vowel,GA [base],8,0.18181818181818182,3.0,2497
vowel,GA [base],8,0.21212121212121213,5.0,2497
vowel,GA [base],8,0.2828282828282828,7.0,2497
vowel,GA [base],8,0.31313131313131315,9.0,2497
vowel,GA [base],8,0.32323232323232326,17.0,2497
vowel,GA [base],8,0.3333333333333333,33.0,2497
vowel,GA [resubstitution],8,0.09090909090909091,1.0,2504
vowel,GA [resubstitution],8,0.18181818181818182,3.0,2504
vowel,GA [resubstitution],8,0.25252525252525254,5.0,2504
vowel,GA [resubstitution],8,0.2828282828282828,7.0,2504
vowel,GA [resubstitution],8,0.3434343434343434,9.0,2504
vowel,GA [resubstitution],8,0.35353535353535354,19.0,2504
vowel,GA [resubstitution],8,0.36363636363636365,25.0,2504
vowel,GA [resubstitution],8,0.3838383838383838,31.0,2504
vowel,GA [resubstitution],8,0.3939393939393939,35.0,2504
vowel,GA [grow-bias],8,0.18181818181818182,3.0,2514
vowel,GA [grow-bias],8,0.23232323232323232,5.0,2514
vowel,GA [grow-bias],8,0.24242424242424243,7.0,2514
vowel,GA [grow-bias],8,0.26262626262626265,11.0,2514
vowel,GA [grow-bias],8,0.2727272727272727,13.0,2514
vowel,GA [grow-bias],8,0.30303030303030304,33.0,2514
vowel,GA [grow-bias],8,0.3434343434343434,35.0,2514
vowel,GA [grow-bias],8,0.3939393939393939,49.0,2514
vowel,GA [2x-budget],8,0.09090909090909091,1.0,10026
vowel,GA [2x-budget],8,0.18181818181818182,3.0,10026
vowel,GA [2x-budget],8,0.25252525252525254,5.0,10026
vowel,GA [2x-budget],8,0.29292929292929293,7.0,10026
vowel,GA [2x-budget],8,0.3434343434343434,15.0,10026
vowel,GA [2x-budget],8,0.35353535353535354,59.0,10026
vowel,GA [base],9,0.09090909090909091,1.0,2510
vowel,GA [base],9,0.18181818181818182,3.0,2510
vowel,GA [base],9,0.23232323232323232,5.0,2510
vowel,GA [base],9,0.2828282828282828,7.0,2510
vowel,GA [base],9,0.30303030303030304,11.0,2510
vowel,GA [base],9,0.32323232323232326,13.0,2510
vowel,GA [base],9,0.35353535353535354,23.0,2510
vowel,GA [base],9,0.36363636363636365,29.0,2510
vowel,GA [resubstitution],9,0.09090909090909091,1.0,2551
vowel,GA [resubstitution],9,0.18181818181818182,3.0,2551
vowel,GA [resubstitution],9,0.24242424242424243,5.0,2551
vowel,GA [resubstitution],9,0.2727272727272727,7.0,2551
vowel,GA [resubstitution],9,0.30303030303030304,9.0,2551
vowel,GA [resubstitution],9,0.3333333333333333,11.0,2551
vowel,GA [resubstitution],9,0.37373737373737376,15.0,2551
vowel,GA [grow-bias],9,0.18181818181818182,3.0,2524
vowel,GA [grow-bias],9,0.24242424242424243,5.0,2524
vowel,GA [grow-bias],9,0.25252525252525254,7.0,2524
vowel,GA [grow-bias],9,0.29292929292929293,11.0,2524
vowel,GA [grow-bias],9,0.3333333333333333,19.0,2524
vowel,GA [grow-bias],9,0.3939393939393939,21.0,2524
vowel,GA [grow-bias],9,0.41414141414141414,27.0,2524
vowel,GA [grow-bias],9,0.42424242424242425,59.0,2524
vowel,GA [2x-budget],9,0.09090909090909091,1.0,9932
vowel,GA [2x-budget],9,0.15151515151515152,3.0,9932
vowel,GA [2x-budget],9,0.23232323232323232,5.0,9932
vowel,GA [2x-budget],9,0.2828282828282828,7.0,9932
vowel,GA [2x-budget],9,0.31313131313131315,9.0,9932
vowel,GA [2x-budget],9,0.35353535353535354,11.0,9932
vowel,GA [2x-budget],9,0.37373737373737376,13.0,9932
vowel,GA [2x-budget],9,0.3838383838383838,39.0,9932
vowel,GA [base],10,0.09090909090909091,1.0,2578
vowel,GA [base],10,0.18181818181818182,3.0,2578
vowel,GA [base],10,0.2727272727272727,5.0,2578
vowel,GA [base],10,0.29292929292929293,7.0,2578
vowel,GA [base],10,0.37373737373737376,9.0,2578
vowel,GA [resubstitution],10,0.09090909090909091,1.0,2596
vowel,GA [resubstitution],10,0.18181818181818182,3.0,2596
vowel,GA [resubstitution],10,0.2727272727272727,5.0,2596
vowel,GA [resubstitution],10,0.29292929292929293,7.0,2596
vowel,GA [resubstitution],10,0.32323232323232326,9.0,2596
vowel,GA [resubstitution],10,0.3434343434343434,13.0,2596
vowel,GA [resubstitution],10,0.3838383838383838,15.0,2596
vowel,GA [resubstitution],10,0.41414141414141414,19.0,2596
vowel,GA [resubstitution],10,0.42424242424242425,21.0,2596
vowel,GA [resubstitution],10,0.4444444444444444,49.0,2596
vowel,GA [grow-bias],10,0.15151515151515152,3.0,2590
vowel,GA [grow-bias],10,0.2727272727272727,5.0,2590
vowel,GA [grow-bias],10,0.29292929292929293,7.0,2590
vowel,GA [grow-bias],10,0.32323232323232326,13.0,2590
vowel,GA [grow-bias],10,0.35353535353535354,25.0,2590
vowel,GA [grow-bias],10,0.3838383838383838,27.0,2590
vowel,GA [grow-bias],10,0.40404040404040403,53.0,2590
vowel,GA [2x-budget],10,0.09090909090909091,1.0,10053
vowel,GA [2x-budget],10,0.18181818181818182,3.0,10053
vowel,GA [2x-budget],10,0.2727272727272727,5.0,10053
vowel,GA [2x-budget],10,0.35353535353535354,7.0,10053
vowel,GA [2x-budget],10,0.36363636363636365,9.0,10053
vowel,GA [2x-budget],10,0.3838383838383838,11.0,10053
vowel,GA [2x-budget],10,0.40404040404040403,13.0,10053
vowel,GA [2x-budget],10,0.43434343434343436,19.0,10053
vowel,GA [2x-budget],10,0.45454545454545453,27.0,10053
eucalyptus,GA [base],1,0.28378378378378377,1.0,2563
eucalyptus,GA [base],1,0.47297297297297297,3.0,2563
eucalyptus,GA [base],1,0.5,5.0,2563
eucalyptus,GA [base],1,0.581081081081081,7.0,2563
eucalyptus,GA [base],1,0.5945945945945946,9.0,2563
eucalyptus,GA [resubstitution],1,0.28378378378378377,1.0,2556
eucalyptus,GA [resubstitution],1,0.47297297297297297,3.0,2556
eucalyptus,GA [resubstitution],1,0.5,5.0,2556
eucalyptus,GA [resubstitution],1,0.5675675675675675,7.0,2556
eucalyptus,GA [resubstitution],1,0.581081081081081,9.0,2556
eucalyptus,GA [grow-bias],1,0.47297297297297297,3.0,2550
eucalyptus,GA [grow-bias],1,0.5,5.0,2550
eucalyptus,GA [grow-bias],1,0.581081081081081,7.0,2550
eucalyptus,GA [2x-budget],1,0.28378378378378377,1.0,10106
eucalyptus,GA [2x-budget],1,0.47297297297297297,3.0,10106
eucalyptus,GA [2x-budget],1,0.5,5.0,10106
eucalyptus,GA [2x-budget],1,0.5540540540540541,7.0,10106
eucalyptus,GA [2x-budget],1,0.6081081081081081,11.0,10106
eucalyptus,GA [base],2,0.28378378378378377,1.0,2571
eucalyptus,GA [base],2,0.33783783783783783,3.0,2571
eucalyptus,GA [base],2,0.4594594594594595,5.0,2571
eucalyptus,GA [base],2,0.5,7.0,2571
eucalyptus,GA [resubstitution],2,0.28378378378378377,1.0,2543
eucalyptus,GA [resubstitution],2,0.44594594594594594,3.0,2543
eucalyptus,GA [resubstitution],2,0.4594594594594595,5.0,2543
eucalyptus,GA [resubstitution],2,0.4864864864864865,7.0,2543
eucalyptus,GA [resubstitution],2,0.5540540540540541,9.0,2543
eucalyptus,GA [grow-bias],2,0.35135135135135137,3.0,2551
eucalyptus,GA [grow-bias],2,0.47297297297297297,5.0,2551
eucalyptus,GA [grow-bias],2,0.5,7.0,2551
eucalyptus,GA [grow-bias],2,0.527027027027027,17.0,2551
eucalyptus,GA [2x-budget],2,0.28378378378378377,1.0,10095
eucalyptus,GA [2x-budget],2,0.44594594594594594,3.0,10095
eucalyptus,GA [2x-budget],2,0.5,5.0,10095
eucalyptus,GA [2x-budget],2,0.5135135135135135,11.0,10095
eucalyptus,GA [2x-budget],2,0.527027027027027,27.0,10095
eucalyptus,GA [base],3,0.2972972972972973,1.0,2601
eucalyptus,GA [base],3,0.4864864864864865,3.0,2601
eucalyptus,GA [base],3,0.5135135135135135,13.0,2601
eucalyptus,GA [base],3,0.527027027027027,21.0,2601
eucalyptus,GA [resubstitution],3,0.2972972972972973,1.0,2531
eucalyptus,GA [resubstitution],3,0.4864864864864865,3.0,2531
eucalyptus,GA [resubstitution],3,0.527027027027027,5.0,2531
eucalyptus,GA [resubstitution],3,0.5405405405405406,7.0,2531
eucalyptus,GA [resubstitution],3,0.6081081081081081,9.0,2531
eucalyptus,GA [resubstitution],3,0.6351351351351351,13.0,2531
eucalyptus,GA [resubstitution],3,0.6486486486486487,15.0,2531
eucalyptus,GA [grow-bias],3,0.33783783783783783,3.0,2543
eucalyptus,GA [grow-bias],3,0.43243243243243246,5.0,2543
eucalyptus,GA [grow-bias],3,0.5,7.0,2543
eucalyptus,GA [grow-bias],3,0.527027027027027,29.0,2543
eucalyptus,GA [grow-bias],3,0.5540540540540541,31.0,2543
eucalyptus,GA [2x-budget],3,0.2972972972972973,1.0,10030
eucalyptus,GA [2x-budget],3,0.4864864864864865,3.0,10030
eucalyptus,GA [2x-budget],3,0.527027027027027,5.0,10030
eucalyptus,GA [2x-budget],3,0.5675675675675675,7.0,10030
eucalyptus,GA [2x-budget],3,0.6081081081081081,9.0,10030
eucalyptus,GA [base],4,0.2972972972972973,1.0,2516
eucalyptus,GA [base],4,0.44594594594594594,3.0,2516
eucalyptus,GA [base],4,0.5135135135135135,5.0,2516
eucalyptus,GA [base],4,0.5540540540540541,9.0,2516
eucalyptus,GA [resubstitution],4,0.2972972972972973,1.0,2600
eucalyptus,GA [resubstitution],4,0.44594594594594594,3.0,2600
eucalyptus,GA [resubstitution],4,0.5135135135135135,5.0,2600
eucalyptus,GA [resubstitution],4,0.6216216216216216,11.0,2600
eucalyptus,GA [resubstitution],4,0.6351351351351351,21.0,2600
eucalyptus,GA [grow-bias],4,0.4189189189189189,3.0,2511
eucalyptus,GA [grow-bias],4,0.5135135135135135,5.0,2511
eucalyptus,GA [grow-bias],4,0.5405405405405406,7.0,2511
eucalyptus,GA [grow-bias],4,0.5540540540540541,17.0,2511
eucalyptus,GA [2x-budget],4,0.2972972972972973,1.0,9996
eucalyptus,GA [2x-budget],4,0.44594594594594594,3.0,9996
eucalyptus,GA [2x-budget],4,0.5135135135135135,5.0,9996
eucalyptus,GA [2x-budget],4,0.5405405405405406,7.0,9996
eucalyptus,GA [2x-budget],4,0.5540540540540541,15.0,9996
eucalyptus,GA [2x-budget],4,0.5675675675675675,29.0,9996
eucalyptus,GA [base],5,0.2972972972972973,1.0,2563
eucalyptus,GA [base],5,0.4189189189189189,3.0,2563
eucalyptus,GA [base],5,0.4864864864864865,5.0,2563
eucalyptus,GA [resubstitution],5,0.2972972972972973,1.0,2586
eucalyptus,GA [resubstitution],5,0.4189189189189189,3.0,2586
eucalyptus,GA [resubstitution],5,0.43243243243243246,5.0,2586
eucalyptus,GA [resubstitution],5,0.44594594594594594,7.0,2586
eucalyptus,GA [resubstitution],5,0.5135135135135135,11.0,2586
eucalyptus,GA [grow-bias],5,0.4189189189189189,3.0,2524
eucalyptus,GA [grow-bias],5,0.44594594594594594,5.0,2524
eucalyptus,GA [grow-bias],5,0.5405405405405406,13.0,2524
eucalyptus,GA [grow-bias],5,0.5945945945945946,19.0,2524
eucalyptus,GA [2x-budget],5,0.2972972972972973,1.0,10018
eucalyptus,GA [2x-budget],5,0.4189189189189189,3.0,10018
eucalyptus,GA [2x-budget],5,0.47297297297297297,5.0,10018
eucalyptus,GA [2x-budget],5,0.5405405405405406,7.0,10018
eucalyptus,GA [2x-budget],5,0.5540540540540541,13.0,10018
eucalyptus,GA [base],6,0.2972972972972973,1.0,2568
eucalyptus,GA [base],6,0.43243243243243246,3.0,2568
eucalyptus,GA [base],6,0.5135135135135135,7.0,2568
eucalyptus,GA [base],6,0.5540540540540541,11.0,2568
eucalyptus,GA [resubstitution],6,0.2972972972972973,1.0,2511
eucalyptus,GA [resubstitution],6,0.40540540540540543,3.0,2511
eucalyptus,GA [resubstitution],6,0.5135135135135135,5.0,2511
eucalyptus,GA [resubstitution],6,0.5405405405405406,7.0,2511
eucalyptus,GA [resubstitution],6,0.5540540540540541,9.0,2511
eucalyptus,GA [resubstitution],6,0.581081081081081,11.0,2511
eucalyptus,GA [resubstitution],6,0.5945945945945946,25.0,2511
eucalyptus,GA [grow-bias],6,0.3918918918918919,3.0,2561
eucalyptus,GA [grow-bias],6,0.5135135135135135,5.0,2561
eucalyptus,GA [2x-budget],6,0.2972972972972973,1.0,9904
eucalyptus,GA [2x-budget],6,0.43243243243243246,3.0,9904
eucalyptus,GA [2x-budget],6,0.47297297297297297,5.0,9904
eucalyptus,GA [2x-budget],6,0.5,7.0,9904
eucalyptus,GA [2x-budget],6,0.527027027027027,13.0,9904
eucalyptus,GA [base],7,0.2876712328767123,1.0,2517
eucalyptus,GA [base],7,0.4383561643835616,3.0,2517
eucalyptus,GA [base],7,0.4931506849315068,5.0,2517
eucalyptus,GA [base],7,0.5205479452054794,7.0,2517
eucalyptus,GA [base],7,0.5342465753424658,15.0,2517
eucalyptus,GA [resubstitution],7,0.2876712328767123,1.0,2585
eucalyptus,GA [resubstitution],7,0.4383561643835616,3.0,2585
eucalyptus,GA [resubstitution],7,0.4931506849315068,5.0,2585
eucalyptus,GA [resubstitution],7,0.5342465753424658,7.0,2585
eucalyptus,GA [grow-bias],7,0.4383561643835616,3.0,2564
eucalyptus,GA [grow-bias],7,0.5068493150684932,7.0,2564
eucalyptus,GA [grow-bias],7,0.5342465753424658,9.0,2564
eucalyptus,GA [grow-bias],7,0.547945205479452,13.0,2564
eucalyptus,GA [grow-bias],7,0.5616438356164384,21.0,2564
eucalyptus,GA [2x-budget],7,0.2876712328767123,1.0,10082
eucalyptus,GA [2x-budget],7,0.4383561643835616,3.0,10082
eucalyptus,GA [2x-budget],7,0.5068493150684932,5.0,10082
eucalyptus,GA [2x-budget],7,0.5205479452054794,15.0,10082
eucalyptus,GA [base],8,0.2876712328767123,1.0,2568
eucalyptus,GA [base],8,0.4383561643835616,3.0,2568
eucalyptus,GA [base],8,0.4520547945205479,5.0,2568
eucalyptus,GA [base],8,0.4657534246575342,9.0,2568
eucalyptus,GA [base],8,0.5068493150684932,11.0,2568
eucalyptus,GA [resubstitution],8,0.2876712328767123,1.0,2540
eucalyptus,GA [resubstitution],8,0.4383561643835616,3.0,2540
eucalyptus,GA [resubstitution],8,0.4657534246575342,5.0,2540
eucalyptus,GA [resubstitution],8,0.5068493150684932,9.0,2540
eucalyptus,GA [resubstitution],8,0.5205479452054794,17.0,2540
eucalyptus,GA [grow-bias],8,0.3835616438356164,3.0,2636
eucalyptus,GA [grow-bias],8,0.4657534246575342,5.0,2636
eucalyptus,GA [grow-bias],8,0.4931506849315068,11.0,2636
eucalyptus,GA [grow-bias],8,0.5342465753424658,21.0,2636
eucalyptus,GA [grow-bias],8,0.5753424657534246,25.0,2636
eucalyptus,GA [2x-budget],8,0.2876712328767123,1.0,9956
eucalyptus,GA [2x-budget],8,0.4383561643835616,3.0,9956
eucalyptus,GA [2x-budget],8,0.4794520547945205,7.0,9956
eucalyptus,GA [base],9,0.2876712328767123,1.0,2524
eucalyptus,GA [base],9,0.3698630136986301,3.0,2524
eucalyptus,GA [base],9,0.4931506849315068,5.0,2524
eucalyptus,GA [base],9,0.5342465753424658,11.0,2524
eucalyptus,GA [base],9,0.5753424657534246,15.0,2524
eucalyptus,GA [resubstitution],9,0.2876712328767123,1.0,2545
eucalyptus,GA [resubstitution],9,0.3835616438356164,3.0,2545
eucalyptus,GA [resubstitution],9,0.5068493150684932,5.0,2545
eucalyptus,GA [resubstitution],9,0.5342465753424658,35.0,2545
eucalyptus,GA [resubstitution],9,0.6027397260273972,41.0,2545
eucalyptus,GA [grow-bias],9,0.3972602739726027,3.0,2524
eucalyptus,GA [grow-bias],9,0.4931506849315068,7.0,2524
eucalyptus,GA [grow-bias],9,0.5205479452054794,21.0,2524
eucalyptus,GA [grow-bias],9,0.5342465753424658,23.0,2524
eucalyptus,GA [grow-bias],9,0.5753424657534246,29.0,2524
eucalyptus,GA [2x-budget],9,0.2876712328767123,1.0,9949
eucalyptus,GA [2x-budget],9,0.3972602739726027,3.0,9949
eucalyptus,GA [2x-budget],9,0.4383561643835616,5.0,9949
eucalyptus,GA [2x-budget],9,0.4931506849315068,9.0,9949
eucalyptus,GA [2x-budget],9,0.547945205479452,11.0,9949
eucalyptus,GA [base],10,0.2876712328767123,1.0,2599
eucalyptus,GA [base],10,0.4246575342465753,3.0,2599
eucalyptus,GA [base],10,0.4931506849315068,5.0,2599
eucalyptus,GA [base],10,0.547945205479452,7.0,2599
eucalyptus,GA [resubstitution],10,0.2876712328767123,1.0,2550
eucalyptus,GA [resubstitution],10,0.3561643835616438,3.0,2550
eucalyptus,GA [resubstitution],10,0.4931506849315068,5.0,2550
eucalyptus,GA [resubstitution],10,0.547945205479452,7.0,2550
eucalyptus,GA [resubstitution],10,0.5616438356164384,13.0,2550
eucalyptus,GA [grow-bias],10,0.4246575342465753,3.0,2545
eucalyptus,GA [grow-bias],10,0.4520547945205479,5.0,2545
eucalyptus,GA [grow-bias],10,0.5205479452054794,7.0,2545
eucalyptus,GA [grow-bias],10,0.5342465753424658,13.0,2545
eucalyptus,GA [grow-bias],10,0.547945205479452,33.0,2545
eucalyptus,GA [2x-budget],10,0.2876712328767123,1.0,9935
eucalyptus,GA [2x-budget],10,0.4246575342465753,3.0,9935
eucalyptus,GA [2x-budget],10,0.4383561643835616,7.0,9935
eucalyptus,GA [2x-budget],10,0.547945205479452,9.0,9935
eucalyptus,GA [2x-budget],10,0.589041095890411,13.0,9935
eucalyptus,GA [2x-budget],10,0.6301369863013698,15.0,9935
vehicle,GA [base],1,0.25882352941176473,1.0,2549
vehicle,GA [base],1,0.32941176470588235,3.0,2549
vehicle,GA [base],1,0.5294117647058824,5.0,2549
vehicle,GA [base],1,0.5647058823529412,7.0,2549
vehicle,GA [base],1,0.5882352941176471,9.0,2549
vehicle,GA [resubstitution],1,0.25882352941176473,1.0,2518
vehicle,GA [resubstitution],1,0.4,3.0,2518
vehicle,GA [resubstitution],1,0.4470588235294118,5.0,2518
vehicle,GA [resubstitution],1,0.5176470588235295,7.0,2518
vehicle,GA [resubstitution],1,0.5294117647058824,11.0,2518
vehicle,GA [resubstitution],1,0.6,13.0,2518
vehicle,GA [grow-bias],1,0.4,3.0,2579
vehicle,GA [grow-bias],1,0.4588235294117647,5.0,2579
vehicle,GA [grow-bias],1,0.5058823529411764,7.0,2579
vehicle,GA [grow-bias],1,0.6,9.0,2579
vehicle,GA [grow-bias],1,0.6352941176470588,35.0,2579
vehicle,GA [2x-budget],1,0.25882352941176473,1.0,9986
vehicle,GA [2x-budget],1,0.4,3.0,9986
vehicle,GA [2x-budget],1,0.4823529411764706,5.0,9986
vehicle,GA [2x-budget],1,0.6235294117647059,7.0,9986
vehicle,GA [2x-budget],1,0.6823529411764706,15.0,9986
vehicle,GA [base],2,0.25882352941176473,1.0,2544
vehicle,GA [base],2,0.4235294117647059,3.0,2544
vehicle,GA [base],2,0.5647058823529412,5.0,2544
vehicle,GA [base],2,0.611764705882353,7.0,2544
vehicle,GA [base],2,0.6235294117647059,9.0,2544
vehicle,GA [resubstitution],2,0.25882352941176473,1.0,2544
vehicle,GA [resubstitution],2,0.4235294117647059,3.0,2544
vehicle,GA [resubstitution],2,0.5411764705882353,5.0,2544
vehicle,GA [resubstitution],2,0.5882352941176471,7.0,2544
vehicle,GA [resubstitution],2,0.6823529411764706,11.0,2544
vehicle,GA [grow-bias],2,0.4235294117647059,3.0,2566
vehicle,GA [grow-bias],2,0.5647058823529412,5.0,2566
vehicle,GA [grow-bias],2,0.6352941176470588,7.0,2566
vehicle,GA [2x-budget],2,0.25882352941176473,1.0,10020
vehicle,GA [2x-budget],2,0.4235294117647059,3.0,10020
vehicle,GA [2x-budget],2,0.5647058823529412,5.0,10020
vehicle,GA [2x-budget],2,0.611764705882353,7.0,10020
vehicle,GA [2x-budget],2,0.6823529411764706,9.0,10020
vehicle,GA [2x-budget],2,0.6941176470588235,13.0,10020
vehicle,GA [base],3,0.25882352941176473,1.0,2546
vehicle,GA [base],3,0.38823529411764707,3.0,2546
vehicle,GA [base],3,0.5411764705882353,5.0,2546
vehicle,GA [base],3,0.611764705882353,7.0,2546
vehicle,GA [base],3,0.6235294117647059,11.0,2546
vehicle,GA [base],3,0.6470588235294118,29.0,2546
vehicle,GA [resubstitution],3,0.25882352941176473,1.0,2485
vehicle,GA [resubstitution],3,0.4,3.0,2485
vehicle,GA [resubstitution],3,0.4470588235294118,5.0,2485
vehicle,GA [resubstitution],3,0.5529411764705883,7.0,2485
vehicle,GA [resubstitution],3,0.6,9.0,2485
vehicle,GA [resubstitution],3,0.6235294117647059,13.0,2485
vehicle,GA [resubstitution],3,0.6352941176470588,17.0,2485
vehicle,GA [grow-bias],3,0.35294117647058826,3.0,2564
vehicle,GA [grow-bias],3,0.47058823529411764,5.0,2564
vehicle,GA [grow-bias],3,0.5058823529411764,7.0,2564
vehicle,GA [grow-bias],3,0.5411764705882353,9.0,2564
vehicle,GA [grow-bias],3,0.6,11.0,2564
vehicle,GA [grow-bias],3,0.611764705882353,23.0,2564
vehicle,GA [2x-budget],3,0.25882352941176473,1.0,10047
vehicle,GA [2x-budget],3,0.4235294117647059,3.0,10047
vehicle,GA [2x-budget],3,0.5529411764705883,5.0,10047
vehicle,GA [2x-budget],3,0.6588235294117647,7.0,10047
vehicle,GA [2x-budget],3,0.6705882352941176,27.0,10047
vehicle,GA [base],4,0.25882352941176473,1.0,2507
vehicle,GA [base],4,0.4,3.0,2507
vehicle,GA [base],4,0.4588235294117647,5.0,2507
vehicle,GA [base],4,0.5647058823529412,7.0,2507
vehicle,GA [base],4,0.6235294117647059,11.0,2507
vehicle,GA [resubstitution],4,0.25882352941176473,1.0,2468
vehicle,GA [resubstitution],4,0.35294117647058826,3.0,2468
vehicle,GA [resubstitution],4,0.49411764705882355,5.0,2468
vehicle,GA [resubstitution],4,0.5764705882352941,7.0,2468
vehicle,GA [resubstitution],4,0.611764705882353,9.0,2468
vehicle,GA [resubstitution],4,0.6470588235294118,11.0,2468
vehicle,GA [resubstitution],4,0.6588235294117647,25.0,2468
vehicle,GA [grow-bias],4,0.38823529411764707,3.0,2537
vehicle,GA [grow-bias],4,0.4588235294117647,5.0,2537
vehicle,GA [grow-bias],4,0.47058823529411764,7.0,2537
vehicle,GA [grow-bias],4,0.4823529411764706,9.0,2537
vehicle,GA [grow-bias],4,0.5294117647058824,17.0,2537
vehicle,GA [grow-bias],4,0.5411764705882353,25.0,2537
vehicle,GA [grow-bias],4,0.5529411764705883,27.0,2537
vehicle,GA [2x-budget],4,0.25882352941176473,1.0,10003
vehicle,GA [2x-budget],4,0.4,3.0,10003
vehicle,GA [2x-budget],4,0.4823529411764706,5.0,10003
vehicle,GA [2x-budget],4,0.5411764705882353,7.0,10003
vehicle,GA [2x-budget],4,0.5647058823529412,15.0,10003
vehicle,GA [2x-budget],4,0.6705882352941176,19.0,10003
vehicle,GA [base],5,0.25882352941176473,1.0,2535
vehicle,GA [base],5,0.32941176470588235,3.0,2535
vehicle,GA [base],5,0.43529411764705883,5.0,2535
vehicle,GA [base],5,0.4588235294117647,7.0,2535
vehicle,GA [base],5,0.47058823529411764,9.0,2535
vehicle,GA [base],5,0.5764705882352941,11.0,2535
vehicle,GA [base],5,0.6470588235294118,19.0,2535
vehicle,GA [resubstitution],5,0.25882352941176473,1.0,2531
vehicle,GA [resubstitution],5,0.3764705882352941,3.0,2531
vehicle,GA [resubstitution],5,0.43529411764705883,5.0,2531
vehicle,GA [resubstitution],5,0.4588235294117647,7.0,2531
vehicle,GA [resubstitution],5,0.611764705882353,9.0,2531
vehicle,GA [resubstitution],5,0.6470588235294118,11.0,2531
vehicle,GA [resubstitution],5,0.6588235294117647,13.0,2531
vehicle,GA [grow-bias],5,0.3176470588235294,3.0,2582
vehicle,GA [grow-bias],5,0.35294117647058826,5.0,2582
vehicle,GA [grow-bias],5,0.4470588235294118,7.0,2582
vehicle,GA [grow-bias],5,0.5176470588235295,39.0,2582
vehicle,GA [2x-budget],5,0.25882352941176473,1.0,9985
vehicle,GA [2x-budget],5,0.32941176470588235,3.0,9985
vehicle,GA [2x-budget],5,0.43529411764705883,5.0,9985
vehicle,GA [2x-budget],5,0.5647058823529412,9.0,9985
vehicle,GA [2x-budget],5,0.6,15.0,9985
vehicle,GA [base],6,0.25882352941176473,1.0,2573
vehicle,GA [base],6,0.36470588235294116,3.0,2573
vehicle,GA [base],6,0.43529411764705883,5.0,2573
vehicle,GA [base],6,0.5764705882352941,7.0,2573
vehicle,GA [resubstitution],6,0.25882352941176473,1.0,2535
vehicle,GA [resubstitution],6,0.36470588235294116,3.0,2535
vehicle,GA [resubstitution],6,0.38823529411764707,5.0,2535
vehicle,GA [resubstitution],6,0.5411764705882353,7.0,2535
vehicle,GA [resubstitution],6,0.5882352941176471,9.0,2535
vehicle,GA [resubstitution],6,0.6823529411764706,11.0,2535
vehicle,GA [grow-bias],6,0.27058823529411763,3.0,2570
vehicle,GA [grow-bias],6,0.4,5.0,2570
vehicle,GA [grow-bias],6,0.4823529411764706,7.0,2570
vehicle,GA [grow-bias],6,0.5058823529411764,17.0,2570
vehicle,GA [grow-bias],6,0.5176470588235295,25.0,2570
vehicle,GA [grow-bias],6,0.5411764705882353,43.0,2570
vehicle,GA [2x-budget],6,0.25882352941176473,1.0,10056
vehicle,GA [2x-budget],6,0.27058823529411763,3.0,10056
vehicle,GA [2x-budget],6,0.3764705882352941,5.0,10056
vehicle,GA [2x-budget],6,0.4470588235294118,7.0,10056
vehicle,GA [2x-budget],6,0.5647058823529412,9.0,10056
vehicle,GA [2x-budget],6,0.5882352941176471,13.0,10056
vehicle,GA [2x-budget],6,0.6470588235294118,17.0,10056
vehicle,GA [base],7,0.2619047619047619,1.0,2507
vehicle,GA [base],7,0.39285714285714285,3.0,2507
vehicle,GA [base],7,0.4523809523809524,5.0,2507
vehicle,GA [base],7,0.5595238095238095,7.0,2507
vehicle,GA [base],7,0.6071428571428571,17.0,2507
vehicle,GA [resubstitution],7,0.2619047619047619,1.0,2549
vehicle,GA [resubstitution],7,0.39285714285714285,3.0,2549
vehicle,GA [resubstitution],7,0.4880952380952381,5.0,2549
vehicle,GA [resubstitution],7,0.6309523809523809,7.0,2549
vehicle,GA [resubstitution],7,0.6785714285714286,9.0,2549
vehicle,GA [resubstitution],7,0.6904761904761905,13.0,2549
vehicle,GA [grow-bias],7,0.39285714285714285,3.0,2599
vehicle,GA [grow-bias],7,0.5357142857142857,5.0,2599
vehicle,GA [grow-bias],7,0.5595238095238095,7.0,2599
vehicle,GA [grow-bias],7,0.6309523809523809,9.0,2599
vehicle,GA [2x-budget],7,0.2619047619047619,1.0,10047
vehicle,GA [2x-budget],7,0.36904761904761907,3.0,10047
vehicle,GA [2x-budget],7,0.5119047619047619,5.0,10047
vehicle,GA [2x-budget],7,0.6190476190476191,7.0,10047
vehicle,GA [2x-budget],7,0.6785714285714286,9.0,10047
vehicle,GA [base],8,0.25,1.0,2553
vehicle,GA [base],8,0.3333333333333333,3.0,2553
vehicle,GA [base],8,0.4523809523809524,5.0,2553
vehicle,GA [base],8,0.5238095238095238,7.0,2553
vehicle,GA [base],8,0.5714285714285714,9.0,2553
vehicle,GA [resubstitution],8,0.25,1.0,2598
vehicle,GA [resubstitution],8,0.3333333333333333,3.0,2598
vehicle,GA [resubstitution],8,0.4880952380952381,5.0,2598
vehicle,GA [resubstitution],8,0.5595238095238095,7.0,2598
vehicle,GA [resubstitution],8,0.5714285714285714,11.0,2598
vehicle,GA [grow-bias],8,0.3333333333333333,3.0,2551
vehicle,GA [grow-bias],8,0.47619047619047616,5.0,2551
vehicle,GA [grow-bias],8,0.4880952380952381,7.0,2551
vehicle,GA [grow-bias],8,0.5119047619047619,9.0,2551
vehicle,GA [grow-bias],8,0.5595238095238095,11.0,2551
vehicle,GA [2x-budget],8,0.25,1.0,9986
vehicle,GA [2x-budget],8,0.3333333333333333,3.0,9986
vehicle,GA [2x-budget],8,0.4880952380952381,5.0,9986
vehicle,GA [2x-budget],8,0.5595238095238095,7.0,9986
vehicle,GA [2x-budget],8,0.6071428571428571,9.0,9986
vehicle,GA [2x-budget],8,0.6309523809523809,13.0,9986
vehicle,GA [2x-budget],8,0.6428571428571429,17.0,9986
vehicle,GA [2x-budget],8,0.6785714285714286,27.0,9986
vehicle,GA [base],9,0.25,1.0,2598
vehicle,GA [base],9,0.39285714285714285,3.0,2598
vehicle,GA [base],9,0.5238095238095238,5.0,2598
vehicle,GA [base],9,0.5952380952380952,7.0,2598
vehicle,GA [base],9,0.6071428571428571,9.0,2598
vehicle,GA [resubstitution],9,0.25,1.0,2538
vehicle,GA [resubstitution],9,0.38095238095238093,3.0,2538
vehicle,GA [resubstitution],9,0.4523809523809524,5.0,2538
vehicle,GA [resubstitution],9,0.5119047619047619,7.0,2538
vehicle,GA [resubstitution],9,0.5595238095238095,11.0,2538
vehicle,GA [resubstitution],9,0.5833333333333334,13.0,2538
vehicle,GA [grow-bias],9,0.39285714285714285,3.0,2571
vehicle,GA [grow-bias],9,0.42857142857142855,5.0,2571
vehicle,GA [grow-bias],9,0.4523809523809524,7.0,2571
vehicle,GA [grow-bias],9,0.4642857142857143,9.0,2571
vehicle,GA [grow-bias],9,0.47619047619047616,11.0,2571
vehicle,GA [grow-bias],9,0.5119047619047619,17.0,2571
vehicle,GA [grow-bias],9,0.6071428571428571,25.0,2571
vehicle,GA [2x-budget],9,0.25,1.0,10122
vehicle,GA [2x-budget],9,0.36904761904761907,3.0,10122
vehicle,GA [2x-budget],9,0.47619047619047616,7.0,10122
vehicle,GA [2x-budget],9,0.5119047619047619,9.0,10122
vehicle,GA [2x-budget],9,0.5952380952380952,11.0,10122
vehicle,GA [base],10,0.2619047619047619,1.0,2572
vehicle,GA [base],10,0.35714285714285715,3.0,2572
vehicle,GA [base],10,0.5238095238095238,5.0,2572
vehicle,GA [base],10,0.6071428571428571,7.0,2572
vehicle,GA [base],10,0.6190476190476191,13.0,2572
vehicle,GA [base],10,0.6428571428571429,23.0,2572
vehicle,GA [resubstitution],10,0.2619047619047619,1.0,2509
vehicle,GA [resubstitution],10,0.40476190476190477,3.0,2509
vehicle,GA [resubstitution],10,0.5476190476190477,5.0,2509
vehicle,GA [resubstitution],10,0.5595238095238095,7.0,2509
vehicle,GA [resubstitution],10,0.5714285714285714,9.0,2509
vehicle,GA [resubstitution],10,0.5833333333333334,19.0,2509
vehicle,GA [grow-bias],10,0.4166666666666667,3.0,2495
vehicle,GA [grow-bias],10,0.5476190476190477,5.0,2495
vehicle,GA [grow-bias],10,0.6190476190476191,9.0,2495
vehicle,GA [2x-budget],10,0.2619047619047619,1.0,10049
vehicle,GA [2x-budget],10,0.35714285714285715,3.0,10049
vehicle,GA [2x-budget],10,0.5238095238095238,5.0,10049
vehicle,GA [2x-budget],10,0.6071428571428571,7.0,10049
vehicle,GA [2x-budget],10,0.6428571428571429,9.0,10049
vehicle,GA [2x-budget],10,0.6904761904761905,15.0,10049
tic_tac_toe,GA [base],1,0.65625,1.0,2541
tic_tac_toe,GA [base],1,0.7083333333333334,7.0,2541
tic_tac_toe,GA [base],1,0.7395833333333334,9.0,2541
tic_tac_toe,GA [base],1,0.75,11.0,2541
tic_tac_toe,GA [base],1,0.7708333333333334,13.0,2541
tic_tac_toe,GA [resubstitution],1,0.65625,1.0,2553
tic_tac_toe,GA [resubstitution],1,0.7083333333333334,7.0,2553
tic_tac_toe,GA [grow-bias],1,0.65625,3.0,2528
tic_tac_toe,GA [grow-bias],1,0.6666666666666666,5.0,2528
tic_tac_toe,GA [grow-bias],1,0.7083333333333334,7.0,2528
tic_tac_toe,GA [grow-bias],1,0.71875,17.0,2528
tic_tac_toe,GA [grow-bias],1,0.7395833333333334,19.0,2528
tic_tac_toe,GA [2x-budget],1,0.65625,1.0,9972
tic_tac_toe,GA [2x-budget],1,0.7395833333333334,7.0,9972
tic_tac_toe,GA [2x-budget],1,0.75,11.0,9972
tic_tac_toe,GA [2x-budget],1,0.78125,19.0,9972
tic_tac_toe,GA [base],2,0.65625,1.0,2535
tic_tac_toe,GA [base],2,0.71875,7.0,2535
tic_tac_toe,GA [resubstitution],2,0.65625,1.0,2568
tic_tac_toe,GA [resubstitution],2,0.6979166666666666,9.0,2568
tic_tac_toe,GA [grow-bias],2,0.65625,3.0,2527
tic_tac_toe,GA [grow-bias],2,0.71875,9.0,2527
tic_tac_toe,GA [grow-bias],2,0.7604166666666666,15.0,2527
tic_tac_toe,GA [2x-budget],2,0.65625,1.0,10033
tic_tac_toe,GA [2x-budget],2,0.71875,7.0,10033
tic_tac_toe,GA [2x-budget],2,0.7708333333333334,9.0,10033
tic_tac_toe,GA [2x-budget],2,0.7916666666666666,11.0,10033
tic_tac_toe,GA [2x-budget],2,0.8333333333333334,15.0,10033
tic_tac_toe,GA [base],3,0.65625,1.0,2514
tic_tac_toe,GA [base],3,0.7083333333333334,5.0,2514
tic_tac_toe,GA [base],3,0.7395833333333334,7.0,2514
tic_tac_toe,GA [base],3,0.75,13.0,2514
tic_tac_toe,GA [resubstitution],3,0.65625,1.0,2578
tic_tac_toe,GA [resubstitution],3,0.7083333333333334,5.0,2578
tic_tac_toe,GA [resubstitution],3,0.8020833333333334,7.0,2578
tic_tac_toe,GA [grow-bias],3,0.65625,3.0,2512
tic_tac_toe,GA [grow-bias],3,0.7708333333333334,5.0,2512
tic_tac_toe,GA [2x-budget],3,0.65625,1.0,10086
tic_tac_toe,GA [2x-budget],3,0.7083333333333334,5.0,10086
tic_tac_toe,GA [2x-budget],3,0.7395833333333334,7.0,10086
tic_tac_toe,GA [2x-budget],3,0.7604166666666666,9.0,10086
tic_tac_toe,GA [2x-budget],3,0.8229166666666666,15.0,10086
tic_tac_toe,GA [2x-budget],3,0.875,17.0,10086
tic_tac_toe,GA [2x-budget],3,0.8854166666666666,23.0,10086
tic_tac_toe,GA [base],4,0.65625,1.0,2518
tic_tac_toe,GA [base],4,0.6666666666666666,5.0,2518
tic_tac_toe,GA [base],4,0.7291666666666666,7.0,2518
tic_tac_toe,GA [resubstitution],4,0.65625,1.0,2597
tic_tac_toe,GA [resubstitution],4,0.6770833333333334,5.0,2597
tic_tac_toe,GA [resubstitution],4,0.8541666666666666,7.0,2597
tic_tac_toe,GA [resubstitution],4,0.8854166666666666,11.0,2597
tic_tac_toe,GA [grow-bias],4,0.65625,3.0,2544
tic_tac_toe,GA [grow-bias],4,0.6666666666666666,5.0,2544
tic_tac_toe,GA [grow-bias],4,0.7291666666666666,7.0,2544
tic_tac_toe,GA [grow-bias],4,0.75,13.0,2544
tic_tac_toe,GA [grow-bias],4,0.7604166666666666,31.0,2544
tic_tac_toe,GA [grow-bias],4,0.78125,39.0,2544
tic_tac_toe,GA [2x-budget],4,0.65625,1.0,9908
tic_tac_toe,GA [2x-budget],4,0.6666666666666666,5.0,9908
tic_tac_toe,GA [2x-budget],4,0.7291666666666666,7.0,9908
tic_tac_toe,GA [2x-budget],4,0.78125,11.0,9908
tic_tac_toe,GA [base],5,0.65625,1.0,2564
tic_tac_toe,GA [base],5,0.71875,5.0,2564
tic_tac_toe,GA [base],5,0.7708333333333334,7.0,2564
tic_tac_toe,GA [resubstitution],5,0.65625,1.0,2579
tic_tac_toe,GA [resubstitution],5,0.6979166666666666,7.0,2579
tic_tac_toe,GA [resubstitution],5,0.7083333333333334,17.0,2579
tic_tac_toe,GA [resubstitution],5,0.75,35.0,2579
tic_tac_toe,GA [grow-bias],5,0.65625,3.0,2490
tic_tac_toe,GA [grow-bias],5,0.7708333333333334,7.0,2490
tic_tac_toe,GA [2x-budget],5,0.65625,1.0,10044
tic_tac_toe,GA [2x-budget],5,0.6979166666666666,7.0,10044
tic_tac_toe,GA [base],6,0.65625,1.0,2534
tic_tac_toe,GA [base],6,0.71875,5.0,2534
tic_tac_toe,GA [base],6,0.7604166666666666,7.0,2534
tic_tac_toe,GA [base],6,0.8020833333333334,9.0,2534
tic_tac_toe,GA [resubstitution],6,0.65625,1.0,2595
tic_tac_toe,GA [resubstitution],6,0.7708333333333334,5.0,2595
tic_tac_toe,GA [resubstitution],6,0.8125,11.0,2595
tic_tac_toe,GA [resubstitution],6,0.84375,19.0,2595
tic_tac_toe,GA [grow-bias],6,0.65625,3.0,2552
tic_tac_toe,GA [grow-bias],6,0.71875,5.0,2552
tic_tac_toe,GA [grow-bias],6,0.7604166666666666,7.0,2552
tic_tac_toe,GA [grow-bias],6,0.78125,9.0,2552
tic_tac_toe,GA [2x-budget],6,0.65625,1.0,9969
tic_tac_toe,GA [2x-budget],6,0.71875,5.0,9969
tic_tac_toe,GA [2x-budget],6,0.7604166666666666,7.0,9969
tic_tac_toe,GA [2x-budget],6,0.78125,9.0,9969
tic_tac_toe,GA [2x-budget],6,0.8125,11.0,9969
tic_tac_toe,GA [2x-budget],6,0.8229166666666666,13.0,9969
tic_tac_toe,GA [2x-budget],6,0.8541666666666666,15.0,9969
tic_tac_toe,GA [2x-budget],6,0.8645833333333334,17.0,9969
tic_tac_toe,GA [base],7,0.6458333333333334,1.0,2552
tic_tac_toe,GA [base],7,0.6666666666666666,5.0,2552
tic_tac_toe,GA [base],7,0.6770833333333334,7.0,2552
tic_tac_toe,GA [base],7,0.6979166666666666,11.0,2552
tic_tac_toe,GA [resubstitution],7,0.6458333333333334,1.0,2548
tic_tac_toe,GA [resubstitution],7,0.65625,5.0,2548
tic_tac_toe,GA [resubstitution],7,0.6770833333333334,7.0,2548
tic_tac_toe,GA [resubstitution],7,0.7083333333333334,9.0,2548
tic_tac_toe,GA [resubstitution],7,0.71875,19.0,2548
tic_tac_toe,GA [grow-bias],7,0.6458333333333334,3.0,2531
tic_tac_toe,GA [grow-bias],7,0.6666666666666666,5.0,2531
tic_tac_toe,GA [grow-bias],7,0.6770833333333334,7.0,2531
tic_tac_toe,GA [grow-bias],7,0.7395833333333334,17.0,2531
tic_tac_toe,GA [2x-budget],7,0.6458333333333334,1.0,10019
tic_tac_toe,GA [2x-budget],7,0.6666666666666666,5.0,10019
tic_tac_toe,GA [2x-budget],7,0.6770833333333334,7.0,10019
tic_tac_toe,GA [2x-budget],7,0.7083333333333334,9.0,10019
tic_tac_toe,GA [2x-budget],7,0.71875,13.0,10019
tic_tac_toe,GA [2x-budget],7,0.7395833333333334,15.0,10019
tic_tac_toe,GA [2x-budget],7,0.7604166666666666,33.0,10019
tic_tac_toe,GA [base],8,0.6458333333333334,1.0,2586
tic_tac_toe,GA [base],8,0.7395833333333334,7.0,2586
tic_tac_toe,GA [resubstitution],8,0.6458333333333334,1.0,2539
tic_tac_toe,GA [resubstitution],8,0.6875,5.0,2539
tic_tac_toe,GA [resubstitution],8,0.7395833333333334,7.0,2539
tic_tac_toe,GA [grow-bias],8,0.6458333333333334,3.0,2604
tic_tac_toe,GA [grow-bias],8,0.71875,5.0,2604
tic_tac_toe,GA [grow-bias],8,0.75,7.0,2604
tic_tac_toe,GA [grow-bias],8,0.7604166666666666,11.0,2604
tic_tac_toe,GA [grow-bias],8,0.78125,13.0,2604
tic_tac_toe,GA [2x-budget],8,0.6458333333333334,1.0,10087
tic_tac_toe,GA [2x-budget],8,0.71875,5.0,10087
tic_tac_toe,GA [2x-budget],8,0.7395833333333334,7.0,10087
tic_tac_toe,GA [2x-budget],8,0.7916666666666666,11.0,10087
tic_tac_toe,GA [2x-budget],8,0.8020833333333334,13.0,10087
tic_tac_toe,GA [2x-budget],8,0.8125,19.0,10087
tic_tac_toe,GA [base],9,0.6526315789473685,1.0,2542
tic_tac_toe,GA [base],9,0.6736842105263158,5.0,2542
tic_tac_toe,GA [base],9,0.7157894736842105,7.0,2542
tic_tac_toe,GA [base],9,0.7263157894736842,23.0,2542
tic_tac_toe,GA [resubstitution],9,0.6526315789473685,1.0,2575
tic_tac_toe,GA [resubstitution],9,0.6631578947368421,5.0,2575
tic_tac_toe,GA [resubstitution],9,0.7157894736842105,7.0,2575
tic_tac_toe,GA [resubstitution],9,0.8,11.0,2575
tic_tac_toe,GA [resubstitution],9,0.8210526315789474,19.0,2575
tic_tac_toe,GA [grow-bias],9,0.6526315789473685,3.0,2545
tic_tac_toe,GA [grow-bias],9,0.7157894736842105,7.0,2545
tic_tac_toe,GA [grow-bias],9,0.7263157894736842,9.0,2545
tic_tac_toe,GA [grow-bias],9,0.7894736842105263,13.0,2545
tic_tac_toe,GA [grow-bias],9,0.8,17.0,2545
tic_tac_toe,GA [2x-budget],9,0.6526315789473685,1.0,10027
tic_tac_toe,GA [2x-budget],9,0.6736842105263158,5.0,10027
tic_tac_toe,GA [2x-budget],9,0.7157894736842105,7.0,10027
tic_tac_toe,GA [2x-budget],9,0.7263157894736842,9.0,10027
tic_tac_toe,GA [2x-budget],9,0.7368421052631579,11.0,10027
tic_tac_toe,GA [2x-budget],9,0.7789473684210526,13.0,10027
tic_tac_toe,GA [2x-budget],9,0.8,17.0,10027
tic_tac_toe,GA [2x-budget],9,0.8105263157894737,19.0,10027
tic_tac_toe,GA [base],10,0.6526315789473685,1.0,2561
tic_tac_toe,GA [base],10,0.7578947368421053,7.0,2561
tic_tac_toe,GA [resubstitution],10,0.6526315789473685,1.0,2556
tic_tac_toe,GA [resubstitution],10,0.7157894736842105,5.0,2556
tic_tac_toe,GA [resubstitution],10,0.7473684210526316,7.0,2556
tic_tac_toe,GA [resubstitution],10,0.7578947368421053,29.0,2556
tic_tac_toe,GA [grow-bias],10,0.6526315789473685,3.0,2515
tic_tac_toe,GA [grow-bias],10,0.6736842105263158,5.0,2515
tic_tac_toe,GA [grow-bias],10,0.7473684210526316,7.0,2515
tic_tac_toe,GA [2x-budget],10,0.6526315789473685,1.0,9995
tic_tac_toe,GA [2x-budget],10,0.6736842105263158,5.0,9995
tic_tac_toe,GA [2x-budget],10,0.7473684210526316,7.0,9995
